id	name	formula	charge	inchikey	smiles	deltag	kegg id
cpd01892_c0	4-Hydroxybenzoyl-CoA_c0	C28H37N7O18P3S	-3	LTVXPVBFJBTNIJ-TYHXJLICSA-J	CC(C)(COP(=O)(O)OP(=O)(O)OCC1OC(n2cnc3c(N)ncnc32)C(O)C1OP(=O)([O-])O)C(O)C([O-])=NCCC([O-])=NCCSC(=O)c1ccc([O-])cc1	-791.61	C02949
cpd00001_c0	H2O_c0	H2O	0	XLYOFNOQVPJJNP-UHFFFAOYSA-N	O	-56.687	C00001
cpd00136_c0	4-Hydroxybenzoate_c0	C7H5O3	-1	FJKROLUGYXJWQN-UHFFFAOYSA-M	O=C(O)c1ccc([O-])cc1	-92.53	C00156
cpd00010_c0	CoA_c0	C21H32N7O16P3S	-4	RGJOEKWQDUBAIZ-IBOSZNHHSA-J	CC(C)(COP(=O)(O)OP(=O)(O)OCC1OC(n2cnc3c(N)ncnc32)C(O)C1OP(=O)([O-])[O-])C(O)C([O-])=NCCC([O-])=NCCS	-751.994	C00010
cpd00067_c0	H+_c0	H	1	GPRLSGONYQIRFK-UHFFFAOYSA-N	[H+]	-9.53	C00080
cpd03091_c0	5'-Deoxyadenosine_c0	C10H13N5O3	0	XGYIMTFOTBMPFP-KQYNXXCUSA-N	CC1OC(n2cnc3c(N)ncnc32)C(O)C1O	-9.12	C05198
cpd17002_c0	5-Deoxy-D-ribose_c0	C5H10O4	0	WDRISBUVHBMJEF-MROZADKFSA-N	CC(O)C(O)C(O)C=O		
cpd00128_c0	Adenine_c0	C5H5N5	0	GFFGJBXGBJISGV-UHFFFAOYSA-N	Nc1nc[nH]c2ncnc1-2	78.85	C00147
cpd00171_c0	D-Ribulose5-phosphate_c0	C5H9O8P	-2	FNZLKVNUWIIPSJ-UHNVWZDZSA-L	O=C(CO)C(O)C(O)COP(=O)([O-])[O-]	-393.5	C00199
cpd00817_c0	D-Arabinose5-phosphate_c0	C5H9O8P	-2	PPQRONHOSHZGFQ-WDCZJNDASA-L	O=CC(O)C(O)C(O)COP(=O)([O-])[O-]	-392.04	C01112
cpd11493_c0	ACP_c0	C11H22N2O7PRS	-2				C00229
cpd00002_c0	ATP_c0	C10H13N5O13P3	-3	ZKHQWZAMYRWXGA-KQYNXXCUSA-K	Nc1ncnc2c1ncn2C1OC(COP(=O)([O-])OP(=O)(O)OP(=O)([O-])[O-])C(O)C1O	-673.85	C00002
cpd11430_c0	fa1_c0	C14H27O2	-1			-67.31	
cpd00018_c0	AMP_c0	C10H12N5O7P	-2	UDMBCSSLTHHNCD-KQYNXXCUSA-L	Nc1ncnc2c1ncn2C1OC(COP(=O)([O-])[O-])C(O)C1O	-257.85	C00020
cpd17011_c0	Iso-C14:0 ACP_c0	C14H27OX	0				
cpd00012_c0	PPi_c0	HO7P2	-3	XPPKVPWEQAFLFU-UHFFFAOYSA-L	O=P([O-])([O-])OP(=O)(O)O	-480.93	C00013
cpd11436_c0	fa3_c0	C15H29O2	-1			-65.69	
cpd17012_c0	iso-C15:0 ACP_c0	C15H29OX	0				
cpd11440_c0	fa6_c0	C16H31O2	-1			-64.07	
cpd17013_c0	Iso-C16:0 ACP_c0	C16H31OX	0				
cpd11431_c0	fa11_c0	C17H33O2	-1			-62.45	
cpd17007_c0	Iso-C17:0 ACP_c0	C17H33O1X	0				
pde_c0	pde_c0		0				
pdeacp_c0	pdeacp_c0		0				
hpde_c0	hpde_c0		0				
hpdeacp_c0	hpdeacp_c0		0				
dodca_c0	dodca_c0		0				
ddcaacp_c0	ddcaacp_c0		0				
hdca_c0	hdca_c0		0				
palmacp_c0	palmacp_c0		0				
hdcea_c0	hdcea_c0		0				
hdeacp_c0	hdeacp_c0		0				
ocdcea_c0	ocdcea_c0		0				
octeacp_c0	octeacp_c0		0				
ptdca_c0	ptdca_c0		0				
cpd17029_c0	pentadecanoyl-ACP (n-C15:0ACP)_c0	C15H29OX	0				
hpdca_c0	hpdca_c0		0				
cpd17018_c0	heptadecanoyl-ACP (n-C17:0ACP)_c0	C17H33OX	0				
cpd01080_c0	ocdca_c0	C18H35O2	-1	QIQXTHQIDYTFRH-UHFFFAOYSA-M	CCCCCCCCCCCCCCCCCC(=O)[O-]	-60.83	C01530
ocdacp_c0	ocdacp_c0		0				
fa13_c0	fa13_c0		0				
cpd17009_c0	Iso-C13:0 ACP_c0	C13H25OX	0				
4abut_c0	4abut_c0		0				
cpd00024_c0	2-Oxoglutarate_c0	C5H4O5	-2	KPGXRSRHYNQIFN-UHFFFAOYSA-L	O=C([O-])CCC(=O)C(=O)[O-]	-188.9	C00026
cpd00023_c0	L-Glutamate_c0	C5H8NO4	-1	WHUUTDBJXJRKMK-VKHMYHEASA-M	NC(CCC(=O)[O-])C(=O)O	-164.13	C00025
sucsal_c0	sucsal_c0		0				
cpd00279_c0	Acetoacetyl-CoA_c0	C25H36N7O18P3S	-4	OJFDKHTZOUZBOS-CITAKDKDSA-J	CC(=O)CC(=O)SCCN=C([O-])CCN=C([O-])C(O)C(C)(C)COP(=O)(O)OP(=O)(O)OCC1OC(n2cnc3c(N)ncnc32)C(O)C1OP(=O)([O-])[O-]	-812.61	C00332
cpd00022_c0	Acetyl-CoA_c0	C23H34N7O17P3S	-4	ZSLZBFCDCINBPY-ZSJPKINUSA-J	CC(=O)SCCN=C([O-])CCN=C([O-])C(O)C(C)(C)COP(=O)(O)OP(=O)(O)OCC1OC(n2cnc3c(N)ncnc32)C(O)C1OP(=O)([O-])[O-]	-785.83	C00024
cpd00142_c0	Acetoacetate_c0	C4H5O3	-1	WDJHALXBUFZDSR-UHFFFAOYSA-M	CC(=O)CC(=O)[O-]	-113.53	C00164
cpd00029_c0	Acetate_c0	C2H3O2	-1	QTBSBXVTEAMEQO-UHFFFAOYSA-M	CC(=O)[O-]	-88.29	C00033
cpd02124_c0	2-Methylacetoacetyl-CoA_c0	C26H38N7O18P3S	-4	NHNODHRSCRALBF-UHFFFAOYSA-J	CC(=O)C(C)C(=O)SCCN=C([O-])CCN=C([O-])C(O)C(C)(C)COP(=O)(O)OP(=O)(O)OCC1OC(n2cnc3c(N)ncnc32)C(O)C1OP(=O)([O-])[O-]	-812.8	C03344
ppcoa_c0	ppcoa_c0		0				
cpd00071_c0	Acetaldehyde_c0	C2H4O	0	IKHGUXGNUITLKF-UHFFFAOYSA-N	CC=O	-33.4	C00084
cpd00003_c0	NAD_c0	C21H26N7O14P2	-1	BAWFJGJZGIEFAR-NNYOXOHSSA-M	N=C([O-])c1ccc[n+](C2OC(COP(=O)(O)OP(=O)([O-])OCC3OC(n4cnc5c(N)ncnc54)C(O)C3O)C(O)C2O)c1	-529.59	C00003
cpd00004_c0	NADH_c0	C21H27N7O14P2	-2	BOPGDPNILDQYTO-NNYOXOHSSA-L	N=C([O-])C1=CN(C2OC(COP(=O)([O-])OP(=O)(O)OCC3OC(n4cnc5c(N)ncnc54)C(O)C3O)C(O)C2O)C=CC1	-524.32	C00004
cpd03919_c0	Adenosyl cobinamide phosphate_c0	C58H86CoN16O14P	2	MQCMBMUJJHSGIF-QMUWONGRSA-K	CC1=C2N=C(C=C3N=C(C(C)=C4NC(C)(C5N=C1C(C)(CCC(O)=NCC(C)OP(=O)(O)O)C5CC(=N)O)C(C)(CC(=N)O)C4CCC(=N)[O-])C(C)(CC(=N)O)C3CCC([NH-])=O)C(C)(C)C2CCC(=N)[O-].[CH2]C1OC(n2cnc3c(N)ncnc32)C(O)C1O.[Co+2]		C06509
cpd00038_c0	GTP_c0	C10H13N5O14P3	-3	XKMLYUALXHKNFT-UUOKFMHZSA-K	N=c1nc([O-])c2ncn(C3OC(COP(=O)(O)OP(=O)(O)OP(=O)([O-])[O-])C(O)C3O)c2[nH]1	-724.3	C00044
adgcoba_c0	adgcoba_c0		0				
hco3_c0	hco3_c0		0				
cpd00008_c0	ADP_c0	C10H13N5O10P2	-2	XTWYTFMLZFPYCI-KQYNXXCUSA-L	Nc1ncnc2c1ncn2C1OC(COP(=O)(O)OP(=O)([O-])[O-])C(O)C1O	-465.85	C00008
cpd00070_c0	Malonyl-CoA_c0	C24H33N7O19P3S	-5	LTYOQGRJFJAKNA-DVVLENMVSA-I	CC(C)(COP(=O)(O)OP(=O)(O)OCC1OC(n2cnc3c(N)ncnc32)C(O)C1OP(=O)([O-])[O-])C(O)C([O-])=NCCC([O-])=NCCSC(=O)CC(=O)[O-]	-863.66	C00083
cpd00009_c0	Phosphate_c0	HO4P	-2	NBIIXXVUZAFLBC-UHFFFAOYSA-L	O=P([O-])([O-])O	-261.974	C00009
cpd00141_c0	Propionate_c0	C3H5O2	-1	XBDQKXXYIPTUBI-UHFFFAOYSA-M	CCC(=O)[O-]	-85.13	C00163
cpd00122_c0	N-Acetyl-D-glucosamine_c0	C8H15NO6	0	OVRNDRQMDRJTHS-RTRLPJTCSA-N	CC(O)=NC1C(O)OC(CO)C(O)C1O	-212.63	C00140
cpd00293_c0	N-Acetyl-D-glucosamine 6-phosphate_c0	C8H14NO9P	-2	BRGMHAYQAZFZDJ-RTRLPJTCSA-L	CC([O-])=NC1C(O)OC(COP(=O)([O-])O)C(O)C1O	-425.13	C00357
cpd00122_e0	N-Acetyl-D-glucosamine_e0	C8H15NO6	0	OVRNDRQMDRJTHS-RTRLPJTCSA-N	CC(O)=NC1C(O)OC(CO)C(O)C1O	-212.63	C00140
cpd00067_e0	H+_e0	H	1	GPRLSGONYQIRFK-UHFFFAOYSA-N	[H+]	-9.53	C00080
cpd00477_c0	N-Acetyl-L-glutamate_c0	C7H9NO5	-2	RFMMMVDNIPUKGG-YFKPBYRVSA-L	CC([O-])=NC(CCC(=O)[O-])C(=O)O	-193.73	C00624
acg5p_c0	acg5p_c0		0				
2obut_c0	2obut_c0		0				
cpd00020_c0	Pyruvate_c0	C3H3O3	-1	LCTONWCANYUPML-UHFFFAOYSA-M	CC(=O)C(=O)[O-]	-112.69	C00022
2ahbut_c0	2ahbut_c0		0				
cpd00011_c0	CO2_c0	CO2	0	CURLTUGMZLYLDI-UHFFFAOYSA-N	O=C=O	-92.26	C00011
cpd00196_c0	Acetylphosphate_c0	C2H3O5P	-2	LIPOUNRJVLNBCD-UHFFFAOYSA-L	CC(=O)OP(=O)([O-])[O-]	-301.65	C00227
alacs_c0	alacs_c0		0				
cpd11494_c0	Acetyl-ACP_c0	C13H24N2O8PRS	-2				C03939
malacp_c0	malacp_c0		0				
cpd11488_c0	Acetoacetyl-ACP_c0	C15H26N2O9PRS	-2				C05744
2mbcoa_c0	2mbcoa_c0		0				
2mb2coa_c0	2mb2coa_c0		0				
cpd01882_c0	Isovaleryl-CoA_c0	C26H40N7O17P3S	-4	UYVZIWWBJMYRCD-ZMHDXICWSA-J	CC(C)CC(=O)SCCN=C([O-])CCN=C([O-])C(O)C(C)(C)COP(=O)(O)OP(=O)(O)OCC1OC(n2cnc3c(N)ncnc32)C(O)C1OP(=O)([O-])[O-]	-782.78	C02939
3mb2coa_c0	3mb2coa_c0		0				
cpd00481_c0	Isobutyryl-CoA_c0	C25H38N7O17P3S	-4	AEWHYWSPVRZHCT-NDZSKPAWSA-J	CC(C)C(=O)SCCN=C([O-])CCN=C([O-])C(O)C(C)(C)COP(=O)(O)OP(=O)(O)OCC1OC(n2cnc3c(N)ncnc32)C(O)C1OP(=O)([O-])[O-]	-784.4	C00630
2mp2coa_c0	2mp2coa_c0		0				
acorn_c0	acorn_c0		0				
ornl_c0	ornl_c0		0				
cpd00137_c0	Citrate_c0	C6H5O7	-3	KRKNYBCHXYNGOX-UHFFFAOYSA-K	O=C([O-])CC(O)(CC(=O)[O-])C(=O)[O-]	-280.44	C00158
cpd00260_c0	Isocitrate_c0	C6H5O7	-3	ODBLHEXUDAPZAU-UHFFFAOYSA-K	O=C([O-])CC(C(=O)[O-])C(O)C(=O)[O-]	-279.02	C00311
acg5sa_c0	acg5sa_c0		0				
cpd12370_c0	apo-ACP_c0	HOR	0				C03688
cpd00045_c0	Adenosine 3-5-bisphosphate_c0	C10H11N5O10P2	-4	WHTCPDAXWFLDIH-KQYNXXCUSA-J	Nc1ncnc2c1ncn2C1OC(COP(=O)([O-])[O-])C(OP(=O)([O-])[O-])C1O	-470.35	C00054
pan4p_c0	pan4p_c0		0				
cpd00029_e0	Acetate_e0	C2H3O2	-1	QTBSBXVTEAMEQO-UHFFFAOYSA-M	CC(=O)[O-]	-88.29	C00033
cpd00182_c0	Adenosine_c0	C10H13N5O4	0	OIRDTQYFTABQOQ-KQYNXXCUSA-N	Nc1ncnc2c1ncn2C1OC(CO)C(O)C1O	-45.35	C00212
cpd00246_c0	Inosine_c0	C10H12N4O5	0	UGQMRVRMYYASKQ-KQYNXXCUSA-N	OCC1OC(n2cnc3c(O)ncnc32)C(O)C1O	-101.08	C00294
nh4_c0	nh4_c0		0				
4adcho_c0	4adcho_c0		0				
4abz_c0	4abz_c0		0				
cpd03918_c0	Adenosyl cobinamide_c0	C58H87CoN16O11	4	SCNFBFINHCZGOV-VUCSARQQSA-M	CC1=C2N=C(C=C3N=C(C(C)=C4NC(C)(C5N=C1C(C)(CCC(O)=NCC(C)O)C5CC(=N)O)C(C)(CC(=N)O)C4CCC(=N)O)C(C)(CC(=N)O)C3CCC([NH-])=O)C(C)(C)C2CCC(=N)O.[CH2]C1OC(n2cnc3c(N)ncnc32)C(O)C1O.[Co+5]		C06508
cpd02039_c0	1-Aminopropan-2-ol_c0	C3H10NO	1	HXKKHQJGJAFBHI-UHFFFAOYSA-O	CC(O)C[NH3+]	-44.7	C03194
cpd03917_c0	Adenosylcobyric acid_c0	C55H79CoN15O11	3	GOELZEWZSUSKBO-AVFCAEGCSA-M	CC1=C2N=C(C=C3N=C(C(C)=C4NC(C(CC(=N)O)C4(C)CCC(=O)O)C4(C)N=C1C(CCC(=N)O)C4(C)CC(=N)O)C(CCC(=N)O)C3(C)C)C(CCC(=N)[O-])C2(C)CC(=N)O.[CH2]C1OC(n2cnc3c(N)ncnc32)C(O)C1O.[Co+2]		C06507
cpd03916_c0	Adenosyl cobyrinate diamide_c0	C55H71CoN11O15	-1	OCNLJCZKGHKJGF-NQYRMHKHSA-K	CC1=C2N=C(C=C3N=C(C(C)=C4NC(C)(C5N=C1C(C)(CCC(=O)O)C5CC(=O)O)C(C)(CC(=N)[O-])C4CCC(=O)O)C(C)(CC([NH-])=O)C3CCC(=O)[O-])C(C)(C)C2CCC(=O)O.[CH2]C1OC(n2cnc3c(N)ncnc32)C(O)C1O.[Co+2]		C06506
cpd00053_c0	L-Glutamine_c0	C5H10N2O3	0	ZDXPYRJPNDTMRX-VKHMYHEASA-N	N=C(O)CCC(N)C(=O)O	-121.69	C00064
cpd00216_c0	Chorismate_c0	C10H8O6	-2	WTFXTQVDAKGDEY-HTQZYQBOSA-L	C=C(OC1C=C(C(=O)[O-])C=CC1O)C(=O)[O-]	-169.49	C00251
cpd00031_c0	GDP_c0	C10H13N5O11P2	-2	QGWNDRXFNXRZMB-UUOKFMHZSA-L	N=c1nc([O-])c2ncn(C3OC(COP(=O)(O)OP(=O)([O-])O)C(O)C3O)c2[nH]1	-516.3	C00035
cpd00068_c0	ITP_c0	C10H12N4O14P3	-3	HAEJPQIATWHALX-KQYNXXCUSA-K	O=P([O-])([O-])OP(=O)(O)OP(=O)(O)OCC1OC(n2cnc3c([O-])ncnc32)C(O)C1O	-729.58	C00081
cpd00090_c0	IDP_c0	C10H12N4O11P2	-2	JPXZQMKKFWMMGK-KQYNXXCUSA-L	O=P([O-])(O)OP(=O)(O)OCC1OC(n2cnc3c([O-])ncnc32)C(O)C1O	-521.58	C00104
cpd00017_c0	S-Adenosyl-L-methionine_c0	C15H23N6O5S	1	MEFKEPWMEQBLKI-AIRLBKTGSA-O	C[S+](CCC(N)C(=O)O)CC1OC(n2cnc3c(N)ncnc32)C(O)C1O	-66.63	C00019
cpd00837_c0	S-Adenosylmethioninamine_c0	C14H24N6O3S	2	ZUNBITIXDCPNSD-LSRJEVITSA-O	C[S+](CCC[NH3+])CC1OC(n2cnc3c(N)ncnc32)C(O)C1O	13.01	C01137
cpd00446_c0	cAMP_c0	C10H11N5O6P	-1	IVOMOUWHDPKRLL-KQYNXXCUSA-M	Nc1ncnc2c1ncn2C1OC2COP(=O)([O-])OC2C1O	-191.87	C00575
cpd00182_e0	Adenosine_e0	C10H13N5O4	0	OIRDTQYFTABQOQ-KQYNXXCUSA-N	Nc1ncnc2c1ncn2C1OC(CO)C(O)C1O	-45.35	C00212
cpd00103_c0	PRPP_c0	C5H9O14P3	-4	PQGCEDQWHSBAJP-TXICZTDVSA-J	O=P([O-])([O-])OCC1OC(OP(=O)(O)OP(=O)([O-])[O-])C(O)C1O	-814.62	C00119
cpd00193_c0	APS_c0	C10H12N5O10PS	-2	IRLPACMLTUPBCL-KQYNXXCUSA-L	Nc1ncnc2c1ncn2C1OC(COP(=O)([O-])OS(=O)(=O)[O-])C(O)C1O	-367.85	C00224
cpd00044_c0	3-phosphoadenylylsulfate_c0	C10H11N5O13P2S	-4	GACDQMDRPRGCTN-KQYNXXCUSA-J	Nc1ncnc2c1ncn2C1OC(COP(=O)([O-])OS(=O)(=O)[O-])C(OP(=O)([O-])[O-])C1O	-580.35	C00053
dcamp_c0	dcamp_c0		0				
cpd00106_c0	Fumarate_c0	C4H2O4	-2	VZCYOOQTPOCHFL-OWOJBTEDSA-L	O=C([O-])C=CC(=O)[O-]	-143.7	C00122
25aics_c0	25aics_c0		0				
cpd02851_c0	AICAR_c0	C9H13N4O8P	-2	NOTGFIUVDGNKRI-UUOKFMHZSA-L	N=C([O-])c1ncn(C2OC(COP(=O)([O-])O)C(O)C2O)c1N	-336.61	C04677
cpd00041_c0	L-Aspartate_c0	C4H6NO4	-1	CKLJMWTZIZZHCS-REOHCLBHSA-M	NC(CC(=O)[O-])C(=O)O	-165.75	C00049
cpd00114_c0	IMP_c0	C10H11N4O8P	-2	GRSZFWQUAKGDAV-KQYNXXCUSA-L	O=P([O-])(O)OCC1OC(n2cnc3c([O-])ncnc32)C(O)C1O	-313.58	C00130
gam6p_c0	gam6p_c0		0				
cpd00006_c0	NADP_c0	C21H25N7O17P3	-3	XJLXINKUBYWONI-NNYOXOHSSA-K	N=C([O-])c1ccc[n+](C2OC(COP(=O)(O)OP(=O)([O-])OCC3OC(n4cnc5c(N)ncnc54)C(OP(=O)([O-])[O-])C3O)C(O)C2O)c1	-742.09	C00006
cpd00005_c0	NADPH_c0	C21H26N7O17P3	-4	ACFIXJIJDZMPPO-NNYOXOHSSA-J	N=C([O-])C1=CN(C2OC(COP(=O)([O-])OP(=O)(O)OCC3OC(n4cnc5c(N)ncnc54)C(OP(=O)([O-])[O-])C3O)C(O)C2O)C=CC1	-736.82	C00005
23dhmb_c0	23dhmb_c0		0				
ahcys_c0	ahcys_c0		0				
rhcys_c0	rhcys_c0		0				
cpd00790_c0	O-Acetyl-L-homoserine_c0	C6H11NO4	0	FCXZBWSIAGGPCB-YFKPBYRVSA-N	CC(=O)OCCC(N)C(=O)O	-159.98	C01077
ch4s_c0	ch4s_c0		0				
cpd00060_c0	L-Methionine_c0	C5H11NO2S	0	FFEARJCKVFRZRR-BYPYZUCNSA-N	CSCCC(N)C(=O)O	-75.91	C00073
cpd00239_c0	H2S_c0	HS	-1	RWSOTUBLDIXVET-UHFFFAOYSA-M	[SH-]	-6.66	C00283
hcysl_c0	hcysl_c0		0				
cpd00201_c0	10-Formyltetrahydrofolate_c0	C20H21N7O7	-2	AUFGTPPARQZWDO-YUZLPWPTSA-L	N=c1nc([O-])c2c([nH]1)NCC(CN(C=O)c1ccc(C(=O)NC(CCC(=O)[O-])C(=O)O)cc1)N2	-144.77	C00234
fprica_c0	fprica_c0		0				
thf_c0	thf_c0		0				
cpd02140_c0	AIR_c0	C8H13N3O7P	-1	PDACUKOKVHBVHJ-XVFCMESISA-M	Nc1cncn1C1OC(COP(=O)([O-])O)C(O)C1O	-297.44	C03373
cpd11310_c0	5-phosphoribosyl-5-carboxyaminoimidazole_c0	C9H12N3O9P	-2	JHLXDWGVSYMXPL-XVFCMESISA-K	O=C([O-])Nc1cncn1C1OC(COP(=O)([O-])[O-])C(O)C1O	-386.58	C15667
5aizc_c0	5aizc_c0		0				
cpd00078_c0	Succinyl-CoA_c0	C25H35N7O19P3S	-5	VNOYUJKHFWYWIR-ITIYDSSPSA-I	CC(C)(COP(=O)(O)OP(=O)(O)OCC1OC(n2cnc3c(N)ncnc32)C(O)C1OP(=O)([O-])[O-])C(O)C([O-])=NCCC([O-])=NCCSC(=O)CCC(=O)[O-]	-862.04	C00091
cpd00024_e0	2-Oxoglutarate_e0	C5H4O5	-2	KPGXRSRHYNQIFN-UHFFFAOYSA-L	O=C([O-])CCC(=O)C(=O)[O-]	-188.9	C00026
cpd00117_c0	D-Alanine_c0	C3H7NO2	0	QNAYBMKLOCPYGJ-UWTATZPHSA-N	CC(N)C(=O)O	-87.92	C00133
cpd00731_c0	Ala-Ala_c0	C6H12N2O3	0	DEFJQIDDEAULHB-QWWZWVQMSA-N	CC(N)C(O)=NC(C)C(=O)O	-118.69	C00993
cpd00035_c0	L-Alanine_c0	C3H7NO2	0	QNAYBMKLOCPYGJ-REOHCLBHSA-N	CC(N)C(=O)O	-87.92	C00041
cpd00035_e0	L-Alanine_e0	C3H7NO2	0	QNAYBMKLOCPYGJ-REOHCLBHSA-N	CC(N)C(=O)O	-87.92	C00041
na1_e0	na1_e0		0				
na1_c0	na1_c0		0				
pydx5p_c0	pydx5p_c0		0				
pyam5p_c0	pyam5p_c0		0				
cpd11906_c0	tRNA(Ala)_c0	C10H12N5O3R	0				C01635
alatrna_c0	alatrna_c0		0				
cpd00117_e0	D-Alanine_e0	C3H7NO2	0	QNAYBMKLOCPYGJ-UWTATZPHSA-N	CC(N)C(=O)O	-87.92	C00133
cpd00363_c0	Ethanol_c0	C2H6O	0	LFQSCWFLJHTTHZ-UHFFFAOYSA-N	CCO	-43.44	C00469
acmama_c0	acmama_c0		0				
cpd03485_c0	N-Acetyl-D-muramoate_c0	C11H18NO8	-1	MNLRQHMNZILYPY-MKFCKLDKSA-N	CC(O)=NC1C(O)OC(CO)C(O)C1OC(C)C(=O)O	-276	
cpd00179_c0	Maltose_c0	C12H22O11	0	VQHSOMBJVWLPSR-WUJBLJFYSA-N	OCC(O)C(O)C(OC1OC(CO)C(O)C(O)C1O)C(O)CO	-383.92	C00208
malttr_c0	malttr_c0		0				
cpd00027_c0	D-Glucose_c0	C6H12O6	0	WQZGKKKJIJFFOK-DVKNGEFBSA-N	OCC1OC(O)C(O)C(O)C1O	-218.28	C00031
cpd01399_c0	Maltotetraose_c0	C24H42O21	0	LUEWUZLMQUOBSB-ZLBHSGTGSA-N	OCC1OC(OC2C(CO)OC(OC3C(CO)OC(OC4C(CO)OC(O)C(O)C4O)C(O)C3O)C(O)C2O)C(O)C(O)C1O	-693.72	C02052
cpd15495_c0	Maltopentaose_c0	C30H52O26	0	FTNIPWXXIGNQQF-HZWIHCTQSA-N	OCC1OC(OC2C(CO)OC(OC3C(CO)OC(OC4C(CO)OC(OC5C(CO)OC(O)C(O)C5O)C(O)C4O)C(O)C3O)C(O)C2O)C(O)C(O)C1O	-852.2	
cpd01329_c0	Maltohexaose_c0	C36H62O31	0	OCIBBXPLUVYKCH-LIGGPISVSA-N	OCC1OC(OC2C(CO)OC(OC3C(CO)OC(OC4C(CO)OC(OC5C(CO)OC(OC6C(CO)OC(O)C(O)C6O)C(O)C5O)C(O)C4O)C(O)C3O)C(O)C2O)C(O)C(O)C1O	-1010.68	C01936
cpd15494_c0	Maltoheptaose_c0	C42H72O36	0	BNABBHGYYMZMOA-QJBBZCPBSA-N	OCC1OC(OC2C(CO)OC(OC3C(CO)OC(OC4C(CO)OC(OC5C(CO)OC(OC6C(CO)OC(OC7C(CO)OC(O)C(O)C7O)C(O)C6O)C(O)C5O)C(O)C4O)C(O)C3O)C(O)C2O)C(O)C(O)C1O	-1169.16	
cpd00800_c0	8-Amino-7-oxononanoate_c0	C9H17NO3	0	GUAHPAJOXVYFON-UHFFFAOYSA-N	CC(N)C(=O)CCCCCC(=O)O	-108.22	C01092
cpd02701_c0	S-Adenosyl-4-methylthio-2-oxobutanoate_c0	C15H19N5O6S	0	UOKVQQMBGVMXPU-CJPDYEHRSA-N	C[S+](CCC(=O)C(=O)[O-])CC1OC(n2cnc3c(N)ncnc32)C(O)C1O	-91.4	C04425
cpd00764_c0	7-8-Diaminononanoate_c0	C9H21N2O2	1	KCEGBPIYGIWCDH-UHFFFAOYSA-O	CC([NH3+])C(N)CCCCCC(=O)O	-80.99	C01037
cpd11425_c0	2dmmq7_c0	C45H62O2	0	WALCBDVYDNDULV-RVDMUPIBSA-N	CC(C)=CCCC(C)=CCC1=CC(=O)c2ccccc2C1=O	37.93	C05818
cpd11606_c0	Menaquinone 7_c0	C46H64O2	0	RAKQPZMEYJZGPI-LJWNYQGCSA-N	CC(C)=CCCC(C)=CCCC(C)=CCCC(C)=CCCC(C)=CCCC(C)=CCCC(C)=CCC1=C(C)C(=O)c2ccccc2C1=O	177.97	
cpd17027_c0	methylmenaquinone 7_c0	C47H66O2	0				
4ampm_c0	4ampm_c0		0				
cpd00047_c0	Formate_c0	CHO2	-1	BDAGIHXWWSANSR-UHFFFAOYSA-M	O=C[O-]	-83.9	C00058
cpd00093_c0	Anthranilate_c0	C7H6NO2	-1	RWZYAGGXGHYGMB-UHFFFAOYSA-M	Nc1ccccc1C(=O)[O-]	-48.99	C00108
pran_c0	pran_c0		0				
cpd00782_c0	Pimeloyl-CoA_c0	C28H41N7O19P3S	-5	LYCRXMTYUZDUGA-AMIBDLERSA-I	CC(C)(COP(=O)(O)OP(=O)(O)OCC1OC(n2cnc3c(N)ncnc32)C(O)C1OP(=O)([O-])[O-])C(O)C([O-])=NCCC([O-])=NCCSC(=O)CCCCCC(=O)[O-]	-857.18	C01063
ap4a_c0	ap4a_c0		0				
ap5a_c0	ap5a_c0		0				
cpd00931_c0	5-Amino-6--5-phosphoribosylaminouracil_c0	C9H13N4O9P	-2	LZEXYCAGPMYXLX-UMMCILCDSA-L	Nc1c([O-])nc([O-])nc1NC1OC(COP(=O)(O)O)C(O)C1O	-394.67	C01268
cpd02720_c0	5-Amino-6--5-phosphoribitylaminouracil_c0	C9H15N4O9P	-2	RQRINYISXYAZKL-RPDRRWSUSA-L	Nc1c([O-])nc([O-])nc1NCC(O)C(O)C(O)COP(=O)(O)O	-402.07	C04454
cpd00051_e0	L-Arginine_e0	C6H15N4O2	1	ODKSFYDXXFIFQN-BYPYZUCNSA-O	N=C(N)NCCCC([NH3+])C(=O)O	-73.77	C00062
cpd00051_c0	L-Arginine_c0	C6H15N4O2	1	ODKSFYDXXFIFQN-BYPYZUCNSA-O	N=C(N)NCCCC([NH3+])C(=O)O	-73.77	C00062
cpd00152_c0	Agmatine_c0	C5H16N4	2	QYPPJABKJHAVHS-UHFFFAOYSA-P	NC(=[NH2+])NCCCC[NH3+]	5.87	C00179
argsuc_c0	argsuc_c0		0				
citrl_c0	citrl_c0		0				
cpd11907_c0	tRNA(Arg)_c0	C10H12N5O3R	0				C01636
argtrna_c0	argtrna_c0		0				
cpd01048_c0	Arsenate_c0	HO4As	-2	DJHGAFSJWGLOIV-UHFFFAOYSA-L	O=[As]([O-])([O-])O		C01478
gthrd_c0	gthrd_c0		0				
cpd04098_c0	Arsenite_c0	AsH2O3	-1	AQLMHYSWFMLWBS-UHFFFAOYSA-N	[O-][As](O)O		C06697
cpd00111_c0	Oxidized glutathione_c0	C20H30N6O12S2	-2	YPZRWBKMTBYPTK-BJDJZHNGSA-L	NC(CCC([O-])=NC(CSSCC(N=C([O-])CCC(N)C(=O)O)C(O)=NCC(=O)O)C(O)=NCC(=O)O)C(=O)O	-434.73	C00127
cpd01048_e0	Arsenate_e0	HO4As	-2	DJHGAFSJWGLOIV-UHFFFAOYSA-L	O=[As]([O-])([O-])O		C01478
cpd04098_e0	Arsenite_e0	AsH2O3	-1	AQLMHYSWFMLWBS-UHFFFAOYSA-N	[O-][As](O)O		C06697
cpd00346_c0	L-Aspartate4-semialdehyde_c0	C4H7NO3	0	HOSWPDPVFBCLSY-VKHMYHEASA-N	NC(CC=O)C(=O)O	-113.05	C00441
cpd01977_c0	4-Phospho-L-aspartate_c0	C4H6NO7P	-2	IXZNKTPIYKDIGG-REOHCLBHSA-L	NC(CC(=O)OP(=O)([O-])O)C(=O)[O-]	-380.65	C03082
cpd00132_c0	L-Asparagine_c0	C4H8N2O3	0	DCXYFEDJOCDNAF-REOHCLBHSA-N	N=C(O)CC(N)C(=O)O	-123.31	C00152
cpd00132_e0	L-Asparagine_e0	C4H8N2O3	0	DCXYFEDJOCDNAF-REOHCLBHSA-N	N=C(O)CC(N)C(=O)O	-123.31	C00152
cpd11908_c0	tRNA(Asn)_c0	C10H12N5O3R	0				C01637
asntrna_c0	asntrna_c0		0				
cpd00085_c0	beta-Alanine_c0	C3H7NO2	0	UCMIRNVEIXFBKS-UHFFFAOYSA-N	NCCC(=O)O	-86.11	C00099
cpd00146_c0	Carbamoylphosphate_c0	CH2NO5P	-2	FFQKYPRQEYGKAF-UHFFFAOYSA-L	N=C([O-])OP(=O)([O-])O	-310.26	C00169
cpd00343_c0	N-Carbamoyl-L-aspartate_c0	C5H6N2O5	-2	HLKXYZVTANABHZ-REOHCLBHSA-L	N=C(O)NC(CC(=O)[O-])C(=O)[O-]	-203.96	C00438
cpd15560_c0	Ubiquinone-8_c0	C49H74O4	0	ICFIZJQGJAJRSU-SGHXUWJISA-N	COC1=C(OC)C(=O)C(CC=C(C)CCC=C(C)CCC=C(C)CCC=C(C)CCC=C(C)CCC=C(C)CCC=C(C)CCC=C(C)C)=C(C)C1=O	142.5	C17569
cpd03470_c0	Iminoaspartate_c0	C4H3NO4	-2	NMUOATVLLQEYHI-UHFFFAOYSA-L	N=C(CC(=O)[O-])C(=O)[O-]	-173.6	C05840
cpd15561_c0	Ubiquinol-8_c0	C49H76O4	0	LOJUQFSPYHMHEO-SGHXUWJISA-N	COc1c(O)c(C)c(CC=C(C)CCC=C(C)CCC=C(C)CCC=C(C)CCC=C(C)CCC=C(C)CCC=C(C)CCC=C(C)C)c(O)c1OC	120.8	
cpd00036_c0	Succinate_c0	C4H4O4	-2	KDYFGRWQOYBRFD-UHFFFAOYSA-L	O=C([O-])CCC(=O)[O-]	-162.96	C00042
cpd00007_c0	O2_c0	O2	0	MYMOFIZGZYHOMD-UHFFFAOYSA-N	O=O	3.9197	C00007
cpd00025_c0	H2O2_c0	H2O2	0	MHAJPDPJQMAIIY-UHFFFAOYSA-N	OO	-32.05	C00027
cpd11451_c0	mql7_c0	C46H66O2	0	PTWSIIUEOFZCHW-NTCAYCPXSA-N	CC(C)=CCCC(C)=CCC1=C(C)C(=O)c2ccccc2C1=O	37.52	C00828
cpd17026_c0	methymenaquinol 7_c0	C47H68O2	0				
cpd00041_e0	L-Aspartate_e0	C4H6NO4	-1	CKLJMWTZIZZHCS-REOHCLBHSA-M	NC(CC(=O)[O-])C(=O)O	-165.75	C00049
cpd00032_c0	Oxaloacetate_c0	C4H2O5	-2	KHPXUQMNIQBQEV-UHFFFAOYSA-L	O=C([O-])CC(=O)C(=O)[O-]	-190.52	C00036
cpd00084_c0	L-Cysteine_c0	C3H7NO2S	0	XUJNEKJLAYXESH-REOHCLBHSA-N	NC(CS)C(=O)O	-83.394	C00097
cpd00706_c0	Mercaptopyruvate_c0	C3H3O3S	-1	OJOLFAIGOXZBCI-UHFFFAOYSA-M	O=C([O-])C(=O)CS	-108.164	C00957
cpd11909_c0	tRNA(Asp)_c0	C10H12N5O3R	0				C01638
cpd12226_c0	L-Aspartyl-tRNA(Asp)_c0	C14H17N6O6R	0				C02984
cpd02103_c0	N2-Succinyl-L-arginine_c0	C10H17N4O5	-1	UMOXFSXIFQOWTD-LURJTMIESA-M	N=C(N)NCCCC(N=C([O-])CCC(=O)O)C(=O)O	-179.58	C03296
prbatp_c0	prbatp_c0		0				
cpd01311_c0	Dethiobiotin_c0	C10H17N2O3	-1	AUTOLBMXDDTRRT-UHFFFAOYSA-M	CC1N=C(O)NC1CCCCCC(=O)[O-]	-115.31	C01909
btn_c0	btn_c0		0				
cpd00211_c0	Butyrate_c0	C4H7O2	-1	FERIUCNNQQJTOY-UHFFFAOYSA-M	CCCC(=O)[O-]	-83.51	C00246
btcoa_c0	btcoa_c0		0				
cpd00211_e0	Butyrate_e0	C4H7O2	-1	FERIUCNNQQJTOY-UHFFFAOYSA-M	CCCC(=O)[O-]	-83.51	C00246
cpd17014_c0	Iso-C7:0 ACP_c0	C7H13OX	0				
cpd17015_c0	Iso-C6:0 ACP_c0	C6H11OX	0				
myrsacp_c0	myrsacp_c0		0				
cpd17010_c0	Fatty Acid (n-C5:0 ACP)_c0	C5H9OX	0				
ca2_c0	ca2_c0		0				
ca2_e0	ca2_e0		0				
cpd03422_c0	Cobinamide_c0	C48H75CoN11O8	3	VIUBHLZJYZPAMU-JFYQDRLCSA-M	CC1=C2N=C(C=C3N=C(C(C)=C4NC(C)(C5N=C1C(C)(CCC(O)=NCC(C)O)C5CC(=N)O)C(C)(CC(=N)O)C4CCC(=N)O)C(C)(CC(=N)O)C3CCC([NH-])=O)C(C)(C)C2CCC(=N)O.[Co+6]		C05774
cbl1_e0	cbl1_e0		0				
cbl1_c0	cbl1_c0		0				
cobamcoa_c0	cobamcoa_c0		0				
cobalt3_e0	cobalt3_e0		0				
cpd00149_e0	Co2+_e0	Co	2	XLJKHNWPARRRJB-UHFFFAOYSA-N	[Co+2]		C00175
cpd08287_c0	4--cytidine5-diphospho-2-C-methyl-D-erythritol_c0	C14H23N3O14P2	-2	YFAUKWZNPVBCFF-XHIBXCGHSA-L	CC(O)(CO)C(O)COP(=O)(O)OP(=O)([O-])OCC1OC(n2ccc(=N)nc2[O-])C(O)C1O	-646.09	C11435
cpd08288_c0	2-phospho-4--cytidine5-diphospho-2-C-methyl-D-erythritol_c0	C14H22N3O17P3	-4	HTJXTKBIUVFUAR-XHIBXCGHSA-J	CC(CO)(OP(=O)([O-])[O-])C(O)COP(=O)(O)OP(=O)([O-])OCC1OC(n2ccc(=N)nc2[O-])C(O)C1O	-858.59	C11436
ch4s_e0	ch4s_e0		0				
cpd00219_c0	Prephenate_c0	C10H8O6	-2	FPWMCUPFBRFMLH-XGAOUMNUSA-L	O=C([O-])C(=O)CC1(C(=O)[O-])C=CC(O)C=C1	-186.17	C00254
cpd00932_c0	5-O--1-Carboxyvinyl-3-phosphoshikimate_c0	C10H9O10P	-4	QUTYKIXIUDQOLK-PRJMDXOYSA-J	C=C(OC1CC(C(=O)[O-])=CC(OP(=O)([O-])[O-])C1O)C(=O)[O-]	-427.57	C01269
ckdo_c0	ckdo_c0		0				
ckdo8n_c0	ckdo8n_c0		0				
cpd00680_c0	Chloramphenicol_c0	C11H12N2O5Cl2	0	WIIZWVCIJKGZOK-UHFFFAOYSA-N	O=[N+]([O-])c1ccc(C(O)C(CO)N=C(O)C(Cl)Cl)cc1		C00918
cpd02267_c0	Chloramphenicol 3-acetate_c0	C13H14N2O6Cl2	0	VVOIFRARHIZCJD-UHFFFAOYSA-N	CC(=O)OCC(N=C(O)C(Cl)Cl)C(O)c1ccc([N+](=O)[O-])cc1		C03601
cl_e0	cl_e0		0				
cl_c0	cl_c0		0				
2c25dho_c0	2c25dho_c0		0				
5odhf2a_c0	5odhf2a_c0		0				
cpd00011_e0	CO2_e0	CO2	0	CURLTUGMZLYLDI-UHFFFAOYSA-N	O=C=O	-92.26	C00011
cpd00149_c0	Co2+_c0	Co	2	XLJKHNWPARRRJB-UHFFFAOYSA-N	[Co+2]		C00175
rdmbzi_c0	rdmbzi_c0		0				
cpd00126_c0	GMP_c0	C10H12N5O8P	-2	RQFCJASXJCIDSX-UUOKFMHZSA-L	N=c1nc([O-])c2ncn(C3OC(COP(=O)([O-])O)C(O)C3O)c2[nH]1	-308.3	C00144
confald_c0	confald_c0		0				
cpd01059_c0	Ferulate_c0	C10H9O4	-1	KSEBMYQBYZTDHS-HWKANZROSA-M	COc1cc(C=CC(=O)O)ccc1[O-]	-96.58	C01494
cpd02083_c0	CoproporphyrinogenIII_c0	C36H40N4O8	-4	NIUVHXTXUXOFEB-UHFFFAOYSA-J	Cc1c2[nH]c(c1CCC(=O)[O-])Cc1[nH]c(c(CCC(=O)[O-])c1C)Cc1[nH]c(c(CCC(=O)[O-])c1C)Cc1[nH]c(c(C)c1CCC(=O)[O-])C2		C03263
cpd00791_c0	ProtoporphyrinogenIX_c0	C34H38N4O4	-2	UHSGPDMIQQYNAX-UHFFFAOYSA-L	C=Cc1c2[nH]c(c1C)Cc1[nH]c(c(CCC(=O)[O-])c1C)Cc1[nH]c(c(C)c1CCC(=O)[O-])Cc1[nH]c(c(C)c1C=C)C2		C01079
fdxo42_c0	fdxo42_c0		0				
fdxr42_c0	fdxr42_c0		0				
cpd11595_e0	chromate_e0	H2O4Cr	-2	MLRLOWJKLCLSNH-UHFFFAOYSA-M	[Cr+].[O-].[O-].[OH-].[O]		
croh3_e0	croh3_e0		0				
cpd00001_e0	H2O_e0	H2O	0	XLYOFNOQVPJJNP-UHFFFAOYSA-N	O	-56.687	C00001
cpd11595_c0	chromate_c0	H2O4Cr	-2	MLRLOWJKLCLSNH-UHFFFAOYSA-M	[Cr+].[O-].[O-].[OH-].[O]		
cpd00307_c0	Cytosine_c0	C4H5N3O	0	OPTASPLRGRRNAP-UHFFFAOYSA-N	N=c1ccnc(O)[nH]1	-8.68	C00380
cpd00092_c0	Uracil_c0	C4H4N2O2	0	ISAKRJDGNUQOIC-UHFFFAOYSA-N	Oc1ccnc(O)n1	-61.07	C00106
cpd00062_c0	UTP_c0	C9H12N2O15P3	-3	PGAVKCOVUIYSFO-XVFCMESISA-K	O=c1nc([O-])ccn1C1OC(COP(=O)(O)OP(=O)(O)OP(=O)([O-])[O-])C(O)C1O	-813.77	C00075
cpd00052_c0	CTP_c0	C9H13N3O14P3	-3	PCDQPRRSZKQHHS-XVFCMESISA-K	N=c1ccn(C2OC(COP(=O)(O)OP(=O)(O)OP(=O)([O-])[O-])C(O)C2O)c([O-])n1	-761.38	C00063
cpd00058_c0	Cu2+_c0	Cu	2	JPVYNHNXODAKFH-UHFFFAOYSA-N	[Cu+2]		C00070
cpd00058_e0	Cu2+_e0	Cu	2	JPVYNHNXODAKFH-UHFFFAOYSA-N	[Cu+2]		C00070
focytcc_c0	focytcc_c0		0				
cpd00025_e0	H2O2_e0	H2O2	0	MHAJPDPJQMAIIY-UHFFFAOYSA-N	OO	-32.05	C00027
ficytcc_c0	ficytcc_c0		0				
cpd00722_c0	O-Acetyl-L-serine_c0	C5H9NO4	0	VZXPDPZARILFQX-BYPYZUCNSA-N	CC(=O)OCC(N)C(=O)O	-161.6	C00979
cpd00084_e0	L-Cysteine_e0	C3H7NO2S	0	XUJNEKJLAYXESH-REOHCLBHSA-N	NC(CS)C(=O)O	-83.394	C00097
cysthl_c0	cysthl_c0		0				
cpd11910_c0	tRNA(Cys)_c0	C10H12N5O3R	0				C01639
cpd12255_c0	L-Cysteinyl-tRNA(Cys)_c0	C13H18N6O4RS	1				C03125
cpd00367_c0	Cytidine_c0	C9H13N3O5	0	UHDGCWIWMRVCDJ-XVFCMESISA-N	N=c1ccn(C2OC(CO)C(O)C2O)c(O)n1	-132.88	C00475
cpd00249_c0	Uridine_c0	C9H12N2O6	0	DRTQHJPVMGBUCF-XVFCMESISA-N	O=c1nc(O)ccn1C1OC(CO)C(O)C1O	-185.27	C00299
cpd00046_c0	CMP_c0	C9H12N3O8P	-2	IERHLVCPSMICTF-XVFCMESISA-L	N=c1ccn(C2OC(COP(=O)([O-])O)C(O)C2O)c([O-])n1	-345.38	C00055
cpd00367_e0	Cytidine_e0	C9H13N3O5	0	UHDGCWIWMRVCDJ-XVFCMESISA-N	N=c1ccn(C2OC(CO)C(O)C2O)c(O)n1	-132.88	C00475
cpd00096_c0	CDP_c0	C9H13N3O11P2	-2	ZWIADYZPOWUWEW-XVFCMESISA-L	N=c1ccn(C2OC(COP(=O)(O)OP(=O)([O-])O)C(O)C2O)c([O-])n1	-553.38	C00112
cpd00206_c0	dCMP_c0	C9H12N3O7P	-2	NCMVOABPESMRCP-SHYZEUOFSA-L	N=c1ccn(C2CC(O)C(COP(=O)([O-])O)O2)c([O-])n1	-305.54	C00239
cpd00533_c0	dCDP_c0	C9H13N3O10P2	-2	FTDHDKPUHBLBTL-SHYZEUOFSA-L	N=c1ccn(C2CC(O)C(COP(=O)(O)OP(=O)([O-])O)O2)c([O-])n1	-513.54	C00705
cpd00221_e0	D-Lactate_e0	C3H5O3	-1	JVTAAEKCZFNVCJ-UWTATZPHSA-M	CC(O)C(=O)[O-]	-123.17	C00256
cpd00221_c0	D-Lactate_c0	C3H5O3	-1	JVTAAEKCZFNVCJ-UWTATZPHSA-M	CC(O)C(=O)[O-]	-123.17	C00256
cpd00438_c0	Deoxyadenosine_c0	C10H13N5O3	0	OLXZPDWKRNYJJZ-RRKCRQDMSA-N	Nc1ncnc2c1ncn2C1CC(O)C(CO)O1	-5.51	C00559
cpd03279_c0	Deoxyinosine_c0	C10H12N4O4	0	VGONTNSXDCQUGY-RRKCRQDMSA-N	OCC1OC(n2cnc3c(O)ncnc32)CC1O	-49.05	C05512
cpd00294_c0	dAMP_c0	C10H12N5O6P	-2	KHWCHTKSEGGWEX-RRKCRQDMSA-L	Nc1ncnc2c1ncn2C1CC(O)C(COP(=O)([O-])[O-])O1	-218.01	C00360
cpd00177_c0	dADP_c0	C10H13N5O9P2	-2	DAEAPNUQQAICNR-RRKCRQDMSA-L	Nc1ncnc2c1ncn2C1CC(O)C(COP(=O)(O)OP(=O)([O-])[O-])O1	-426.01	C00206
cpd00438_e0	Deoxyadenosine_e0	C10H13N5O3	0	OLXZPDWKRNYJJZ-RRKCRQDMSA-N	Nc1ncnc2c1ncn2C1CC(O)C(CO)O1	-5.51	C00559
12dgr_c0	12dgr_c0		0				
12dag3p_c0	12dag3p_c0		0				
cpd00236_c0	D-Erythrose4-phosphate_c0	C4H7O7P	-2	NGHMDNPXVRFFGS-IUYQGCFVSA-L	O=CC(O)C(O)COP(=O)([O-])[O-]	-355.62	C00279
cpd00061_c0	Phosphoenolpyruvate_c0	C3H2O6P	-3	DTBNBXWJWCWCIK-UHFFFAOYSA-K	C=C(OP(=O)([O-])[O-])C(=O)[O-]	-316.08	C00074
2dda7p_c0	2dda7p_c0		0				
26dapm_c0	26dapm_c0		0				
cpd00039_c0	L-Lysine_c0	C6H15N2O2	1	KDXKERNSBIXSRK-YFKPBYRVSA-O	NC(CCCC[NH3+])C(=O)O	-84.04	C00047
26dapll_c0	26dapll_c0		0				
cdpdag_c0	cdpdag_c0		0				
cpd11225_c0	3-4-dihydroxy-2-butanone4-phosphate_c0	C4H7O6P	-2	OKYHYXLCTGGOLM-SCSAIBSYSA-L	CC(=O)C(O)COP(=O)([O-])[O-]	-320.85	C15556
cpd00356_c0	dCTP_c0	C9H13N3O13P3	-3	RGWHQCVHVJXOKC-SHYZEUOFSA-K	N=c1ccn(C2CC(O)C(COP(=O)(O)OP(=O)(O)OP(=O)([O-])[O-])O2)c([O-])n1	-721.54	C00458
cpd00358_c0	dUTP_c0	C9H12N2O14P3	-3	AHCYMLUZIRLXAA-SHYZEUOFSA-K	O=c1nc([O-])ccn1C1CC(O)C(COP(=O)(O)OP(=O)(O)OP(=O)([O-])[O-])O1	-773.93	C00460
cpd00654_c0	Deoxycytidine_c0	C9H13N3O4	0	CKTSBUTUHBMZGZ-SHYZEUOFSA-N	N=c1ccn(C2CC(O)C(CO)O2)c(O)n1	-93.04	C00881
cpd00412_c0	Deoxyuridine_c0	C9H12N2O5	0	MXHRCPNRJAMMIM-SHYZEUOFSA-N	O=c1nc(O)ccn1C1CC(O)C(CO)O1	-145.43	C00526
cpd00654_e0	Deoxycytidine_e0	C9H13N3O4	0	CKTSBUTUHBMZGZ-SHYZEUOFSA-N	N=c1ccn(C2CC(O)C(CO)O2)c(O)n1	-93.04	C00881
cpd00296_c0	dGMP_c0	C10H12N5O7P	-2	LTFMZDNNPPEQNG-KVQBGUIXSA-L	N=c1nc([O-])c2ncn(C3CC(O)C(COP(=O)([O-])O)O3)c2[nH]1	-268.46	C00362
cpd00295_c0	dGDP_c0	C10H13N5O10P2	-2	CIKGWCTVFSRMJU-KVQBGUIXSA-L	N=c1nc([O-])c2ncn(C3CC(O)C(COP(=O)(O)OP(=O)([O-])O)O3)c2[nH]1	-476.46	C00361
cpd00277_e0	Deoxyguanosine_e0	C10H13N5O4	0	YKBGVTZYEHREMT-KVQBGUIXSA-N	N=c1nc(O)c2ncn(C3CC(O)C(CO)O3)c2[nH]1	-55.96	C00330
cpd00277_c0	Deoxyguanosine_c0	C10H13N5O4	0	YKBGVTZYEHREMT-KVQBGUIXSA-N	N=c1nc(O)c2ncn(C3CC(O)C(CO)O3)c2[nH]1	-55.96	C00330
cpd00241_c0	dGTP_c0	C10H13N5O13P3	-3	HAAZLUGHYHWQIW-KVQBGUIXSA-K	N=c1nc([O-])c2ncn(C3CC(O)C(COP(=O)(O)OP(=O)(O)OP(=O)([O-])[O-])O3)c2[nH]1	-684.46	C00286
pppi_c0	pppi_c0		0				
cpd00123_c0	3-Methyl-2-oxobutanoate_c0	C5H7O3	-1	QHKABHOOEWYVLI-UHFFFAOYSA-M	CC(C)C(=O)C(=O)[O-]	-111.26	C00141
23dhmp_c0	23dhmp_c0		0				
cpd00508_c0	3MOP_c0	C6H9O3	-1	JVQYSWDUAOAHFM-BYPYZUCNSA-M	CCC(C)C(=O)C(=O)[O-]	-109.64	C00671
23dhdp_c0	23dhdp_c0		0				
thdp_c0	thdp_c0		0				
dhf_c0	dhf_c0		0				
cpd00683_c0	Dihydropteroate_c0	C14H13N6O3	-1	WBFYVDCHGVNRBH-UHFFFAOYSA-M	N=c1nc([O-])c2c([nH]1)NCC(CNc1ccc(C(=O)O)cc1)=N2	12.16	C00921
cpd02295_c0	1-4-Dihydroxy-2-naphthoate_c0	C11H7O4	-1	VOJUXHHACRXLTD-UHFFFAOYSA-M	O=C(O)c1cc([O-])c2ccccc2c1O	-122.199	C03657
cpd02590_c0	all-trans-Heptaprenyl diphosphate_c0	C35H58O7P2	-2	LSJLEXWXRKTZAJ-YUIIPXGZSA-L	CC(C)=CCCC(C)=CCCC(C)=CCCC(C)=CCCC(C)=CCCC(C)=CCCC(C)=CCOP(=O)(O)OP(=O)([O-])[O-]	-270.64	C04216
dhnpt_c0	dhnpt_c0		0				
2ahhmp_c0	2ahhmp_c0		0				
cpd00229_c0	Glycolaldehyde_c0	C2H4O2	0	WGCNASOHLSPBMP-UHFFFAOYSA-N	O=CCO	-70.28	C00266
cpd00282_c0	S-Dihydroorotate_c0	C5H5N2O4	-1	UFIVEPVSAGBUSI-REOHCLBHSA-M	O=C(O)C1CC([O-])=NC(O)=N1	-151.52	C00337
cpd00247_c0	Orotate_c0	C5H3N2O4	-1	PXQPEWDEAKTCGB-UHFFFAOYSA-M	O=C(O)c1cc([O-])nc(O)n1	-142.48	C00295
25dhpp_c0	25dhpp_c0		0				
dhbpt_c0	dhbpt_c0		0				
cpd00233_c0	Tetrahydrobiopterin_c0	C9H15N5O3	0	FNKQXYHWGSIFBK-RPDRRWSUSA-N	CC(O)C(O)C1CNc2[nH]c(=N)nc(O)c2N1	-44.57	C00272
cpd02920_c0	2-Amino-4-hydroxy-6-hydroxymethyl-7-8-dihydropteridinediphosphate_c0	C7H9N5O8P2	-2	FCQGJGLSOWZZON-UHFFFAOYSA-L	N=c1nc([O-])c2c([nH]1)NCC(COP(=O)(O)OP(=O)([O-])O)=N2	-423.61	C04807
3dhq_c0	3dhq_c0		0				
cpd01716_c0	3-Dehydroshikimate_c0	C7H7O5	-1	SLWWJZMPHJJOPH-PHDIDXHHSA-M	O=C([O-])C1=CC(=O)C(O)C(O)C1	-166.28	C02637
cpd11592_e0	gly-glu-L_e0	C7H11N2O5	-1			-194.71	
cpd11592_c0	gly-glu-L_c0	C7H11N2O5	-1			-194.71	
cpd11589_e0	gly-asp-L_e0	C6H9N2O5	-1	SCCPDJAQCXWPTF-VKHMYHEASA-M	NCC([O-])=NC(CC(=O)O)C(=O)O	-196.33	
cpd11589_c0	gly-asp-L_c0	C6H9N2O5	-1	SCCPDJAQCXWPTF-VKHMYHEASA-M	NCC([O-])=NC(CC(=O)O)C(=O)O	-196.33	
gluaspl_e0	gluaspl_e0		0				
gluaspl_c0	gluaspl_c0		0				
cpd11295_c0	2,3-diketo5-methylthio-1-phosphopentane_c0	C6H9O6PS	-2	HKEAOVFNWRDVAJ-UHFFFAOYSA-L	CSCCC(=O)C(=O)COP(=O)([O-])[O-]	-298.36	C15650
2kmb_c0	2kmb_c0		0				
dmpp_c0	dmpp_c0		0				
cpd00113_c0	Isopentenyldiphosphate_c0	C5H10O7P2	-2	NUHSROFQTUXZQQ-UHFFFAOYSA-L	C=C(C)CCOP(=O)(O)OP(=O)([O-])[O-]	-439.84	C00129
cpd00283_c0	Geranyldiphosphate_c0	C10H18O7P2	-2	GVVPGTZRZFNKDS-JXMROGBWSA-L	CC(C)=CCCC(C)=CCOP(=O)(O)OP(=O)([O-])[O-]	-411.09	C00341
cpd00875_c0	KDO_c0	C8H13O8	-1	KYQCXUMVJGMDNG-SHUUEZRQSA-M	O=C([O-])C(=O)CC(O)C(O)C(O)C(O)CO	-292.98	C01187
h2mb4p_c0	h2mb4p_c0		0				
cpd15360_c0	2-Octaprenyl-3-methyl-5-hydroxy-6-methoxy-1,4-benzoquinol_c0	C48H74O4	0	JCTZZCUQMAEFJG-WDXILIIOSA-N	COC1=C(O)C(=O)C(C)=C(CC=C(C)CCC=C(C)CCC=C(C)CCC=C(C)CCC=C(C)CCC=C(C)CCC=C(C)CCC=C(C)C)C1=O	106.15	
cpd08021_e0	DMSO_e0	C2H6OS	0	IAZDPXIOMUYVGZ-UHFFFAOYSA-N	CS(C)=O		C11143
dms_e0	dms_e0		0				
cpd00115_c0	dATP_c0	C10H13N5O12P3	-3	SUYVUBYJARFZHO-RRKCRQDMSA-K	Nc1ncnc2c1ncn2C1CC(O)C(COP(=O)([O-])OP(=O)(O)OP(=O)([O-])[O-])O1	-634.01	C00131
dttp_c0	dttp_c0		0				
dnason_c0	dnason_c0		0				
cpd11461_e0	DNA_e0	C15H23O13P2R3	-2				C00039
cpd00294_e0	dAMP_e0	C10H12N5O6P	-2	KHWCHTKSEGGWEX-RRKCRQDMSA-L	Nc1ncnc2c1ncn2C1CC(O)C(COP(=O)([O-])[O-])O1	-218.01	C00360
cpd00206_e0	dCMP_e0	C9H12N3O7P	-2	NCMVOABPESMRCP-SHYZEUOFSA-L	N=c1ccn(C2CC(O)C(COP(=O)([O-])O)O2)c([O-])n1	-305.54	C00239
cpd00296_e0	dGMP_e0	C10H12N5O7P	-2	LTFMZDNNPPEQNG-KVQBGUIXSA-L	N=c1nc([O-])c2ncn(C3CC(O)C(COP(=O)([O-])O)O3)c2[nH]1	-268.46	C00362
cpd00298_e0	dTMP_e0	C10H13N2O8P	-2	GYOZYWVXFNDGLU-XLPZGREQSA-L	Cc1cn(C2CC(O)C(COP(=O)([O-])O)O2)c(=O)nc1[O-]	-358.34	C00364
dhpmp_c0	dhpmp_c0		0				
ahdt_c0	ahdt_c0		0				
dodca_e0	dodca_e0		0				
cpd00655_c0	Dephospho-CoA_c0	C21H33N7O13P2S	-2	KDTSHFARGAKYJN-IBOSZNHHSA-L	CC(C)(COP(=O)(O)OP(=O)(O)OCC1OC(n2cnc3c(N)ncnc32)C(O)C1O)C(O)C([O-])=NCCC([O-])=NCCS	-539.494	C00882
cpd00712_c0	2-Dehydropantoate_c0	C6H9O4	-1	PKVVTUWHANFMQC-UHFFFAOYSA-M	CC(C)(CO)C(=O)C(=O)[O-]	-149.1	C00966
pantr_c0	pantr_c0		0				
drib_c0	drib_c0		0				
2dr5p_c0	2dr5p_c0		0				
cpd00102_c0	Glyceraldehyde3-phosphate_c0	C3H5O6P	-2	LXJXRIRHZLFYRP-VKHMYHEASA-L	O=CC(O)COP(=O)([O-])[O-]	-319.2	C00118
cpd00298_c0	dTMP_c0	C10H13N2O8P	-2	GYOZYWVXFNDGLU-XLPZGREQSA-L	Cc1cn(C2CC(O)C(COP(=O)([O-])O)O2)c(=O)nc1[O-]	-358.34	C00364
cpd00297_c0	dTDP_c0	C10H14N2O11P2	-2	UJLXYODCHAELLY-XLPZGREQSA-L	Cc1cn(C2CC(O)C(COP(=O)(O)OP(=O)([O-])O)O2)c(=O)nc1[O-]	-566.34	C00363
cpd00299_c0	dUMP_c0	C9H11N2O8P	-2	JSRLJPSBLDHEIO-SHYZEUOFSA-L	O=c1nc([O-])ccn1C1CC(O)C(COP(=O)([O-])O)O1	-357.93	C00365
2dr1p_c0	2dr1p_c0		0				
cpd00412_e0	Deoxyuridine_e0	C9H12N2O5	0	MXHRCPNRJAMMIM-SHYZEUOFSA-N	O=c1nc(O)ccn1C1CC(O)C(CO)O1	-145.43	C00526
cpd08289_c0	1-deoxy-D-xylulose5-phosphate_c0	C5H9O7P	-2	AJPADPZSRRUGHI-RFZPGFLSSA-L	CC(=O)C(O)C(O)COP(=O)([O-])[O-]	-357.27	C11437
cpd08286_c0	2-C-methyl-D-erythritol4-phosphate_c0	C5H11O7P	-2	XMWHRVNVKDKBRG-UHNVWZDZSA-L	CC(O)(CO)C(O)COP(=O)([O-])[O-]	-366.71	C11434
4per_c0	4per_c0		0				
cpd02503_c0	3-Hydroxyisobutyryl-CoA_c0	C25H39N7O18P3S	-3	WWEOGFZEFHPUAM-MIZDRFBCSA-J	CC(CO)C(=O)SCCN=C([O-])CCN=C([O-])C(O)C(C)(C)COP(=O)(O)OP(=O)(O)OCC1OC(n2cnc3c(N)ncnc32)C(O)C1OP(=O)([O-])[O-]	-820.63	C04047
3hmbcoa_c0	3hmbcoa_c0		0				
2ddg6p_c0	2ddg6p_c0		0				
cpd17023_c0	Kdo8N-lipid IV(A)_c0	C76H139N3O29P2	0				
cpd17024_c0	Kdo8N-lipid IV(A) with laurate_c0	C88H161N3O30P2	0				
cpd17022_c0	Kdo8N-lipid (A)_c0	C102H187N3O31P2	0				
2pg_c0	2pg_c0		0				
gdptp_c0	gdptp_c0		0				
cpd00905_c0	Guanosine 3',5'-bis(diphosphate)_c0	C10H12N5O17P4	-5	BUFLLCUFNHESEH-UUOKFMHZSA-I	N=c1nc([O-])c2ncn(C3OC(COP(=O)(O)OP(=O)([O-])[O-])C(OP(=O)(O)OP(=O)([O-])[O-])C3O)c2[nH]1	-936.8	C01228
cpd00363_e0	Ethanol_e0	C2H6O	0	LFQSCWFLJHTTHZ-UHFFFAOYSA-N	CCO	-43.44	C00469
cpd00053_e0	L-Glutamine_e0	C5H10N2O3	0	ZDXPYRJPNDTMRX-VKHMYHEASA-N	N=C(O)CCC(N)C(=O)O	-121.69	C00064
cpd00023_e0	L-Glutamate_e0	C5H8NO4	-1	WHUUTDBJXJRKMK-VKHMYHEASA-M	NC(CCC(=O)[O-])C(=O)O	-164.13	C00025
cpd00033_e0	Glycine_e0	C2H5NO2	0	DHMQDGOQFOQNFH-UHFFFAOYSA-N	NCC(=O)O	-87.73	C00037
cpd00119_e0	L-Histidine_e0	C6H9N3O2	0	HNDVDQJCIGZPNO-YFKPBYRVSA-N	NC(Cc1cnc[nH]1)C(=O)O	-45.63	C00135
cpd00322_e0	L-Isoleucine_e0	C6H13NO2	0	AGPKZVBTJJNPAG-WHFBIAKZSA-N	CCC(C)C(N)C(=O)O	-84.87	C00407
cpd00107_e0	L-Leucine_e0	C6H13NO2	0	ROHFNLRQFUQHCH-YFKPBYRVSA-N	CC(C)CC(N)C(=O)O	-84.87	C00123
cpd00039_e0	L-Lysine_e0	C6H15N2O2	1	KDXKERNSBIXSRK-YFKPBYRVSA-O	NC(CCCC[NH3+])C(=O)O	-84.04	C00047
cpd00060_e0	L-Methionine_e0	C5H11NO2S	0	FFEARJCKVFRZRR-BYPYZUCNSA-N	CSCCC(N)C(=O)O	-75.91	C00073
cpd00066_e0	L-Phenylalanine_e0	C9H11NO2	0	COLNVLDHVKWLRT-QMMMGPOBSA-N	NC(Cc1ccccc1)C(=O)O	-51.05	C00079
cpd00129_e0	L-Proline_e0	C5H9NO2	0	ONIBWKKTOPOVIA-BYPYZUCNSA-N	O=C(O)C1CCCN1	-62.54	C00148
cpd00054_e0	L-Serine_e0	C3H7NO3	0	MTCFGRXMJLQNBG-REOHCLBHSA-N	NC(CO)C(=O)O	-124.15	C00065
cpd00161_e0	L-Threonine_e0	C4H9NO3	0	AYFVYJQAPQTCCC-GBXIJSLDSA-N	CC(O)C(N)C(=O)O	-124.34	C00188
cpd00069_e0	L-Tyrosine_e0	C9H11NO3	0	OUYCCCASQSFEME-QMMMGPOBSA-N	NC(Cc1ccc(O)cc1)C(=O)O	-90.53	C00082
cpd00156_e0	L-Valine_e0	C5H11NO2	0	KZSNJWFQEVHDMF-BYPYZUCNSA-N	CC(C)C(N)C(=O)O	-86.49	C00183
cpd00021_e0	Fe2+_e0	Fe	0	XEEYBQQBJWHFJM-UHFFFAOYSA-N	[Fe]	0	C00023
cpd10516_e0	fe3_e0	Fe	3	VTLYFUHAOXGGBS-UHFFFAOYSA-N	[Fe+3]	-1.1	C14819
cpd00047_e0	Formate_e0	CHO2	-1	BDAGIHXWWSANSR-UHFFFAOYSA-M	O=C[O-]	-83.9	C00058
cpd00378_e0	Formamide_e0	CH3NO	0	ZHNUHDYFZUAESO-UHFFFAOYSA-N	N=CO	-28.36	C00488
cpd00106_e0	Fumarate_e0	C4H2O4	-2	VZCYOOQTPOCHFL-OWOJBTEDSA-L	O=C([O-])C=CC(=O)[O-]	-143.7	C00122
cpd00065_e0	L-Tryptophan_e0	C11H12N2O2	0	QIVBCDIJIAJPQS-VIFPVBQESA-N	NC(Cc1c[nH]c2ccccc12)C(=O)O	-25	C00078
cpd00027_e0	D-Glucose_e0	C6H12O6	0	WQZGKKKJIJFFOK-DVKNGEFBSA-N	OCC1OC(O)C(O)C(O)C1O	-218.28	C00031
glycr_e0	glycr_e0		0				
cpd00139_e0	Glycolate_e0	C2H3O3	-1	AEMRFAOFKBGASW-UHFFFAOYSA-M	O=C([O-])CO	-122.98	C00160
cpd00100_e0	Glycerol_e0	C3H8O3	0	PEDCQBHIVMGVHV-UHFFFAOYSA-N	OCC(O)CO	-116.18	C00116
cpd00311_e0	Guanosine_e0	C10H13N5O5	0	NYHBQMYGNKIUIF-UUOKFMHZSA-N	N=c1nc(O)c2ncn(C3OC(CO)C(O)C3O)c2[nH]1	-95.8	C00387
gthrd_e0	gthrd_e0		0				
cpd00207_e0	Guanine_e0	C5H5N5O	0	UYTPUPDQBNUYGX-UHFFFAOYSA-N	N=c1nc(O)c2nc[nH]c2[nH]1	28.4	C00242
cpd00239_e0	H2S_e0	HS	-1	RWSOTUBLDIXVET-UHFFFAOYSA-M	[SH-]	-6.66	C00283
cpd11640_e0	H2_e0	H2	0	UFHFLCQGNIYNRP-UHFFFAOYSA-N	[HH]	4.2065	C00282
hdca_e0	hdca_e0		0				
hg2_e0	hg2_e0		0				
hxan_e0	hxan_e0		0				
indole_e0	indole_e0		0				
inoshp_e0	inoshp_e0		0				
inospp1_e0	inospp1_e0		0				
cpd00246_e0	Inosine_e0	C10H12N4O5	0	UGQMRVRMYYASKQ-KQYNXXCUSA-N	OCC1OC(n2cnc3c(O)ncnc32)C(O)C1O	-101.08	C00294
cpd00205_e0	K+_e0	K	1	NPYPAHLBTDXSSS-UHFFFAOYSA-N	[K+]		C00238
cpd00159_e0	L-Lactate_e0	C3H5O3	-1	JVTAAEKCZFNVCJ-REOHCLBHSA-M	CC(O)C(=O)[O-]	-123.17	C00186
cpd00130_e0	L-Malate_e0	C4H4O5	-2	BJEPYKJPYRNKOW-REOHCLBHSA-L	O=C([O-])CC(O)C(=O)[O-]	-201	C00149
cpd00254_e0	Mg_e0	Mg	2	JLVVSXFLKOJNIY-UHFFFAOYSA-N	[Mg+2]		C00305
cpd00030_e0	Mn2+_e0	Mn	2	PWHULOQIROXLJO-UHFFFAOYSA-N	[Mn]		C00034
cpd17028_e0	Manganese(IV) oxide_e0	MnO2	0	NUJOXMJBOLGQSY-UHFFFAOYSA-N	[Mn].[O].[O]		
cpd11574_e0	Molybdate_e0	H2MoO4	0	VLAPMBHFAWRUQP-UHFFFAOYSA-L	[Mo+2].[OH-].[OH-].[O].[O]		C06232
nh4_e0	nh4_e0		0				
cpd00244_e0	Ni2+_e0	Ni	2	PXHVJJICTQNCMI-UHFFFAOYSA-N	[Ni]		C00291
nmn_e0	nmn_e0		0				
cpd00075_e0	Nitrite_e0	NO2	-1	IOVCWXUNBOPUCH-UHFFFAOYSA-M	O=N[O-]	-8.9	C00088
cpd00209_e0	Nitrate_e0	NO3	-1	NHNBFGGVMKEFGY-UHFFFAOYSA-N	O=[N+]([O-])[O-]	-26.61	C00244
cpd00007_e0	O2_e0	O2	0	MYMOFIZGZYHOMD-UHFFFAOYSA-N	O=O	3.9197	C00007
cpd01080_e0	ocdca_e0	C18H35O2	-1	QIQXTHQIDYTFRH-UHFFFAOYSA-M	CCCCCCCCCCCCCCCCCC(=O)[O-]	-60.83	C01530
ornl_e0	ornl_e0		0				
cpd00009_e0	Phosphate_e0	HO4P	-2	NBIIXXVUZAFLBC-UHFFFAOYSA-L	O=P([O-])([O-])O	-261.974	C00009
cpd00141_e0	Propionate_e0	C3H5O2	-1	XBDQKXXYIPTUBI-UHFFFAOYSA-M	CCC(=O)[O-]	-85.13	C00163
cpd00118_e0	Putrescine_e0	C4H14N2	2	KIDHWZJUCRJVML-UHFFFAOYSA-P	[NH3+]CCCC[NH3+]	-6.02	C00134
cpd00020_e0	Pyruvate_e0	C3H3O3	-1	LCTONWCANYUPML-UHFFFAOYSA-M	CC(=O)C(=O)[O-]	-112.69	C00022
cpd00081_e0	Sulfite_e0	HO3S	-1	LSNNMFCWUKXFEE-UHFFFAOYSA-M	O=S([O-])O	-126.15	C00094
cpd00048_e0	Sulfate_e0	O4S	-2	QAOWNCQODCNURD-UHFFFAOYSA-L	O=S(=O)([O-])[O-]	-177.97	C00059
cpd00036_e0	Succinate_e0	C4H4O4	-2	KDYFGRWQOYBRFD-UHFFFAOYSA-L	O=C([O-])CCC(=O)[O-]	-162.96	C00042
cpd00305_e0	Thiamin_e0	C12H17N4OS	1	JZRWCGZRTZMZEH-UHFFFAOYSA-N	Cc1ncc(C[n+]2csc(CCO)c2C)c(=N)[nH]1	52.18	C00378
cpd00184_e0	Thymidine_e0	C10H14N2O5	0	IQFYYKKMVGJFEH-XLPZGREQSA-N	Cc1cn(C2CC(O)C(CO)O2)c(=O)nc1O	-145.84	C00214
cpd00151_e0	Thymine_e0	C5H6N2O2	0	RWQNBRDOKXIBIV-UHFFFAOYSA-N	Cc1cnc(O)nc1O	-61.48	C00178
tmao_e0	tmao_e0		0				
tma_e0	tma_e0		0				
tsul_e0	tsul_e0		0				
ttdca_e0	ttdca_e0		0				
cpd01414_e0	Tetrathionate_e0	O6S4	-2	HPQYKCJIWQFJMS-UHFFFAOYSA-L	O=S(=O)([O-])SSS(=O)(=O)[O-]	-241.815	C02084
cpd00092_e0	Uracil_e0	C4H4N2O2	0	ISAKRJDGNUQOIC-UHFFFAOYSA-N	Oc1ccnc(O)n1	-61.07	C00106
urdio_e0	urdio_e0		0				
cpd00249_e0	Uridine_e0	C9H12N2O6	0	DRTQHJPVMGBUCF-XVFCMESISA-N	O=c1nc(O)ccn1C1OC(CO)C(O)C1O	-185.27	C00299
urnyl_e0	urnyl_e0		0				
wo4_e0	wo4_e0		0				
cpd00015_c0	FAD_c0	C27H30N9O15P2	-3	IMGVNJNCCGXBHD-UYBVJOGSSA-K	Cc1cc2nc3c([O-])nc(=O)nc-3n(CC(O)C(O)C(O)COP(=O)([O-])OP(=O)([O-])OCC3OC([n+]4c[nH]c5c(N)ncnc54)C(O)C3O)c2cc1C	-515.07	C00016
cpd00982_c0	FADH2_c0	C27H33N9O15P2	-2	YPZRHBJKEMOYQH-UYBVJOGSSA-L	Cc1cc2c(cc1C)N(CC(O)C(O)C(O)COP(=O)(O)OP(=O)(O)OCC1OC(n3cnc4c(N)ncnc43)C(O)C1O)c1nc([O-])nc([O-])c1N2	-538.18	C01352
ttdca_c0	ttdca_c0		0				
cpd00290_c0	D-fructose-1,6-bisphosphate_c0	C6H10O12P2	-4	RNBGYGVWRKECFJ-ARQDHWQXSA-J	O=P([O-])([O-])OCC1OC(O)(COP(=O)([O-])[O-])C(O)C1O	-644.17	C00354
dhap_c0	dhap_c0		0				
cpd00072_c0	D-fructose-6-phosphate_c0	C6H11O9P	-2	BGWGXPAPYGQALX-ARQDHWQXSA-L	O=P([O-])([O-])OCC1OC(O)(CO)C(O)C1O	-431.67	C00085
cpd10515_c0	Fe2+_c0	Fe	2	CWYNVVGOOAEACU-UHFFFAOYSA-N	[Fe+2]	-18.85	C14818
cpd01476_c0	Protoporphyrin_c0	C34H32N4O4	-2	KSFOVUSSGSKXFI-UJJXFSCMSA-L	C=Cc1c(C)c2cc3[nH]c(cc4nc(cc5[nH]c(cc1n2)c(C)c5CCC(=O)[O-])c(CCC(=O)[O-])c4C)c(C)c3C=C		C02191
pheme_c0	pheme_c0		0				
cpd00021_c0	Fe2+_c0	Fe	0	XEEYBQQBJWHFJM-UHFFFAOYSA-N	[Fe]	0	C00023
cpd10516_c0	fe3_c0	Fe	3	VTLYFUHAOXGGBS-UHFFFAOYSA-N	[Fe+3]	-1.1	C14819
cpd10515_e0	Fe2+_e0	Fe	2	CWYNVVGOOAEACU-UHFFFAOYSA-N	[Fe+2]	-18.85	C14818
forglu_c0	forglu_c0		0				
cpd00378_c0	Formamide_c0	CH3NO	0	ZHNUHDYFZUAESO-UHFFFAOYSA-N	N=CO	-28.36	C00488
mettrna_c0	mettrna_c0		0				
cpd12285_c0	N-Formylmethionyl-tRNA_c0	C16H21N6O5RS	0				C03294
cpd00050_c0	FMN_c0	C17H18N4O9P	-3	ANKZYBDXHMZBDK-SCRDCRAPSA-K	Cc1cc2nc3c([O-])nc(=O)[nH]c3[n+](CC(O)C(O)C(O)COP(=O)([O-])[O-])c2cc1C	-323.22	C00061
fmnrd_c0	fmnrd_c0		0				
cpd00350_c0	Farnesyldiphosphate_c0	C15H26O7P2	-2	VWFJDQUYCIWHTN-YFVJMOTDSA-L	CC(C)=CCCC(C)=CCCC(C)=CCOP(=O)(O)OP(=O)([O-])[O-]	-383	C00448
cpd00289_c0	Geranylgeranyl diphosphate_c0	C20H34O7P2	-2	OINNEUNVOZHBOX-QIRCYJPOSA-L	CC(C)=CCCC(C)=CCCC(C)=CCCC(C)=CCOP(=O)(O)OP(=O)([O-])[O-]	-354.91	C00353
cpd00130_c0	L-Malate_c0	C4H4O5	-2	BJEPYKJPYRNKOW-REOHCLBHSA-L	O=C([O-])CC(O)C(=O)[O-]	-201	C00149
4fumacac_c0	4fumacac_c0		0				
cpd03671_c0	D-Glucosamine1-phosphate_c0	C6H13NO8P	-1	YMJBYRVFGYXULK-QZABAPFNSA-M	NC1C(OP(=O)([O-])O)OC(CO)C(O)C1O	-395.53	C06156
cpd02611_c0	N-Acetyl-D-glucosamine1-phosphate_c0	C8H14NO9P	-2	FZLJPEPAYPUMMR-UOLFYFMNSA-L	CC([O-])=NC1C(OP(=O)([O-])O)OC(CO)C(O)C1O	-425.13	C04256
g1p_c0	g1p_c0		0				
cpd00626_c0	dTDPglucose_c0	C16H24N2O16P2	-2	YSYKRGRSMLTJNL-URARBOGNSA-L	Cc1cn(C2CC(O)C(COP(=O)([O-])OP(=O)(O)OC3OC(CO)C(O)C(O)C3O)O2)c(=O)nc1[O-]	-723.12	C00842
cpd02345_c0	L-Glutamate1-semialdehyde_c0	C5H9NO3	0	MPUUQNGXJSEWTF-BYPYZUCNSA-N	NC(C=O)CCC(=O)O	-111.43	C03741
5aop_c0	5aop_c0		0				
glyc3p_c0	glyc3p_c0		0				
cpd00858_c0	L-Glutamate5-semialdehyde_c0	C5H9NO3	0	KABXUUFDPUOJMW-BYPYZUCNSA-N	NC(CCC=O)C(=O)O	-111.43	C01165
cpd02431_c0	1-Pyrroline-5-carboxylate_c0	C5H6NO2	-1	DWAKNKKXGALPNW-BYPYZUCNSA-M	O=C([O-])C1CCC=N1	-59.27	C03912
glu5p_c0	glu5p_c0		0				
cpd00079_c0	D-glucose-6-phosphate_c0	C6H11O9P	-2	NBSCHQHZLSJFNQ-DVKNGEFBSA-L	O=P([O-])([O-])OCC1OC(O)C(O)C(O)C1O	-430.78	C00092
cpd00911_c0	6-phospho-D-glucono-1-5-lactone_c0	C6H9O9P	-2	IJOJIVNDFQSGAB-SQOUGZDYSA-L	O=C1OC(COP(=O)([O-])[O-])C(O)C(O)C1O	-428.52	C01236
gal_c0	gal_c0		0				
gal1p_c0	gal1p_c0		0				
cpd00026_c0	UDP-glucose_c0	C15H22N2O17P2	-2	HSCJRCZFDFQWRP-JZMIEXBBSA-L	O=c1nc([O-])ccn1C1OC(COP(=O)([O-])OP(=O)(O)OC2OC(CO)C(O)C(O)C2O)C(O)C1O	-762.55	C00029
13dpg_c0	13dpg_c0		0				
cpd02394_c0	GAR_c0	C7H14N2O8P	-1	OBQMLSFOUZUIOB-SHUUEZRQSA-M	NCC([O-])=NC1OC(COP(=O)(O)O)C(O)C1O	-389.45	C03838
fgam_c0	fgam_c0		0				
glycogenmonomer_c0	glycogenmonomer_c0		0				
cpd00139_c0	Glycolate_c0	C2H3O3	-1	AEMRFAOFKBGASW-UHFFFAOYSA-M	O=C([O-])CO	-122.98	C00160
ggluaba_c0	ggluaba_c0		0				
ggluabt_c0	ggluabt_c0		0				
cpd15478_c0	gamma-glutamyl-putrescine_c0	C9H20N3O3	1	WKGTVHGVLRCTCF-ZETCQYMHSA-N	NCCCCN=C(O)CCC(N)C(=O)O	-113	
cpd00118_c0	Putrescine_c0	C4H14N2	2	KIDHWZJUCRJVML-UHFFFAOYSA-P	[NH3+]CCCC[NH3+]	-6.02	C00134
cpd02591_c0	pendp_c0	C25H42O7P2	-2	JMVSBFJBMXQNJW-GIXZANJISA-L	CC(C)=CCCC(C)=CCCC(C)=CCCC(C)=CCCC(C)=CCOP(=O)(O)OP(=O)([O-])[O-]	-326.82	C04217
cpd00054_c0	L-Serine_c0	C3H7NO3	0	MTCFGRXMJLQNBG-REOHCLBHSA-N	NC(CO)C(=O)O	-124.15	C00065
cpd00033_c0	Glycine_c0	C2H5NO2	0	DHMQDGOQFOQNFH-UHFFFAOYSA-N	NCC(=O)O	-87.73	C00037
cpd00125_c0	5-10-Methylenetetrahydrofolate_c0	C20H21N7O6	-2	QYNUQALWYRSVHF-OLZOCXBDSA-L	N=c1nc([O-])c2c([nH]1)NCC1CN(c3ccc(C(=O)NC(CCC(=O)[O-])C(=O)O)cc3)CN21	-93.65	C00143
cpd00387_c0	ADPglucose_c0	C16H23N5O15P2	-2	WFPZSXYXPSUOPY-ROYWQJLOSA-L	Nc1ncnc2c1ncn2C1OC(COP(=O)([O-])OP(=O)([O-])OC2OC(CO)C(O)C(O)C2O)C(O)C1O	-622.63	C00498
udpglcur_c0	udpglcur_c0		0				
cpd00472_c0	UDPgalacturonate_c0	C15H19N2O18P2	-3	HDYANYHVCAPMJV-GXNRKQDOSA-K	O=C([O-])C1OC(OP(=O)(O)OP(=O)([O-])OCC2OC(n3ccc([O-])nc3=O)C(O)C2O)C(O)C(O)C1O	-805.77	C00617
cpd11911_c0	tRNA(Gln)_c0	C10H12N5O3R	0				C01640
glntrna_c0	glntrna_c0		0				
glucys_c0	glucys_c0		0				
pram_c0	pram_c0		0				
cpd00186_c0	D-Glutamate_c0	C5H8NO4	-1	WHUUTDBJXJRKMK-GSVOUGTGSA-M	NC(CCC(=O)[O-])C(=O)O	-164.13	C00217
cpd12227_c0	L-Glutamyl-tRNA-Glu_c0	C15H19N6O6R	0				C02987
cpd11912_c0	tRNA-Glu_c0	C10H12N5O3R	0				C01641
2aobut_c0	2aobut_c0		0				
glycr_c0	glycr_c0		0				
glx_c0	glx_c0		0				
cpd00100_c0	Glycerol_c0	C3H8O3	0	PEDCQBHIVMGVHV-UHFFFAOYSA-N	OCC(O)CO	-116.18	C00116
cpd00145_c0	Hydroxypyruvate_c0	C3H3O4	-1	HHDDCCUIIUWNGJ-UHFFFAOYSA-M	O=C([O-])C(=O)CO	-148.92	C00168
cpd02182_c0	(R)-S-Lactoylglutathione_c0	C13H20N3O8S	-1	VDYDCVUWILIYQF-UHFFFAOYSA-M	CC(O)C(=O)SCC(N=C([O-])CCC(N)C(=O)O)C(O)=NCC(=O)O	-291.21	C03451
cpd11913_c0	tRNA(Gly)_c0	C10H12N5O3R	0				C01642
cpd12100_c0	Glycyl-tRNA(Gly)_c0	C12H16N6O4R	1				C02412
cpd04920_c0	D-Glycero-D-manno-heptose1-phosphate_c0	C7H13O10P	-2	KMEJCSKJXSBBAN-QTNLNCNHSA-L	O=P([O-])([O-])OC1OC(C(O)CO)C(O)C(O)C1O	-467.2	C07838
cpd03830_c0	ADP-D-glycero-D-manno-heptose_c0	C17H25N5O16P2	-2	KMSFWBYFWSKGGR-FQBROAFUSA-L	Nc1ncnc2c1ncn2C1OC(COP(=O)([O-])OP(=O)([O-])OC2OC(C(O)CO)C(O)C(O)C2O)C(O)C1O	-659.05	C06397
cpd04918_c0	D-Glycero-D-manno-heptose7-phosphate_c0	C7H13O10P	-2	SDADNVAZGVDAIM-KLJZZCKASA-L	O=P([O-])([O-])OCC(O)C1OC(O)C(O)C(O)C1O	-467.2	C07836
cpd08316_c0	D-Glycero-D-manno-heptose1-7-bisphosphate_c0	C7H12O13P2	-4	LMTGTTLGDUACSJ-QQABCQGCSA-J	O=P([O-])([O-])OCC(O)C1OC(OP(=O)([O-])[O-])C(O)C(O)C1O	-679.7	C11472
cpd00497_c0	XMP_c0	C10H11N4O9P	-2	DCTLYFZHFGENCW-UUOKFMHZSA-L	O=P(O)(O)OCC1OC(n2cnc3c([O-])nc([O-])nc32)C(O)C1O	-364.43	C00655
gp4g_c0	gp4g_c0		0				
g3pe_c0	g3pe_c0		0				
etha_c0	etha_c0		0				
cpd02090_c0	Glycerophosphoglycerol_c0	C6H14O8P	-1	LLCSXHMJULHSJN-UHFFFAOYSA-M	O=P([O-])(OCC(O)CO)OCC(O)CO	-383.36	C03274
cpd00311_c0	Guanosine_c0	C10H13N5O5	0	NYHBQMYGNKIUIF-UUOKFMHZSA-N	N=c1nc(O)c2ncn(C3OC(CO)C(O)C3O)c2[nH]1	-95.8	C00387
cpd00207_c0	Guanine_c0	C5H5N5O	0	UYTPUPDQBNUYGX-UHFFFAOYSA-N	N=c1nc(O)c2nc[nH]c2[nH]1	28.4	C00242
3hmp_c0	3hmp_c0		0				
mmalsa_c0	mmalsa_c0		0				
cpd00728_c0	4-Hydroxybutanoate_c0	C4H7O3	-1	SJZRECIVHVDYJC-UHFFFAOYSA-M	O=C([O-])CCCO	-119.74	C00989
cpd07946_c0	4-Hydroxybutyryl-CoA_c0	C25H38N7O18P3S	-4	BAMBWCGEVIAQBF-CITAKDKDSA-J	CC(C)(COP(=O)(O)OP(=O)(O)OCC1OC(n2cnc3c(N)ncnc32)C(O)C1OP(=O)([O-])[O-])C(O)C([O-])=NCCC([O-])=NCCSC(=O)CCCO	-818.82	C11062
octdp_c0	octdp_c0		0				
cpd03443_c0	3-Octaprenyl-4-hydroxybenzoate_c0	C47H69O3	-1	UTIBHEBNILDQKX-LQOKPSQISA-M	CC(C)=CCCC(C)=CCCC(C)=CCCC(C)=CCCC(C)=CCCC(C)=CCCC(C)=CCCC(C)=CCc1cc(C(=O)O)ccc1[O-]	128.94	C05809
cpd11313_c0	hemeO_c0	C49H56FeN4O5	-2	FISPASSVCDRERW-KVGORYHISA-J	C=Cc1c(C)c2cc3[n-]c(cc4[n-]c(cc5nc(cc1n2)c(C)c5CCC(=O)[O-])c(CCC(=O)[O-])c4C)c(C)c3C(O)CCC=C(C)CCC=C(C)CCC=C(C)C.[Fe+2]		C15672
cpd00906_c0	all-trans-Hexaprenyl diphosphate_c0	C30H50O7P2	-2	NGFSMHKFTZROKJ-MMSZMYIBSA-L	CC(C)=CCCC(C)=CCCC(C)=CCCC(C)=CCCC(C)=CCCC(C)=CCOP(=O)(O)OP(=O)([O-])[O-]	-298.73	C01230
cpd00426_c0	Homogentisate_c0	C8H7O4	-1	IGMNYECMUMZDDF-UHFFFAOYSA-M	O=C(O)Cc1cc([O-])ccc1O	-128.84	C00544
cpd00763_c0	4-Maleylacetoacetate_c0	C8H6O6	-2	GACSIVHAIFQKTC-UPHRSURJSA-L	O=C([O-])C=CC(=O)CC(=O)CC(=O)[O-]	-197.26	C01036
hg2_c0	hg2_c0		0				
cpd00119_c0	L-Histidine_c0	C6H9N3O2	0	HNDVDQJCIGZPNO-YFKPBYRVSA-N	NC(Cc1cnc[nH]1)C(=O)O	-45.63	C00135
cpd00581_c0	Urocanate_c0	C6H5N2O2	-1	LOIYMIARKYCTBW-OWOJBTEDSA-M	O=C([O-])C=Cc1cnc[nH]1	-26.85	C00785
cpd00641_c0	L-Histidinol_c0	C6H12N3O	1	ZQISRDCJNBUVMM-YFKPBYRVSA-O	[NH3+]C(CO)Cc1cnc[nH]1	-2.41	C00860
cpd00807_c0	L-histidinol-phosphate_c0	C6H11N3O4P	-1	CWNDERHTHMWBSI-YFKPBYRVSA-M	NC(COP(=O)([O-])O)Cc1cnc[nH]1	-214.91	C01100
cpd11914_c0	tRNA(His)_c0	C10H12N5O3R	0				C01643
cpd12228_c0	L-Histidyl-tRNA(His)_c0	C16H20N8O4R	1				C02988
cpd00689_c0	Porphobilinogen_c0	C10H13N2O4	-1	QSHWIQZFGQKFMA-UHFFFAOYSA-M	NCc1[nH]cc(CCC(=O)[O-])c1CC(=O)O	-118.18	C00931
cpd00755_c0	Hydroxymethylbilane_c0	C40H38N4O17	-8	WDFJYRZCZIUBPR-UHFFFAOYSA-F	O=C([O-])CCc1c[nH]c(Cc2[nH]c(Cc3[nH]c(Cc4[nH]c(CO)c(CC(=O)[O-])c4CCC(=O)[O-])c(CC(=O)[O-])c3CCC(=O)[O-])c(CC(=O)[O-])c2CCC(=O)[O-])c1CC(=O)[O-]	-479.5	C01024
cpd09879_c0	S-(Hydroxymethyl)glutathione_c0	C11H18N3O7S	-1	PIUSLWSYOYFRFR-BQBZGAKWSA-M	NC(CCC([O-])=NC(CSCO)C(O)=NCC(=O)O)C(=O)O	-251.32	C14180
cpd00759_c0	S-Formylglutathione_c0	C11H16N3O7S	-1	FHXAGOICBFGEBF-BQBZGAKWSA-M	NC(CCC([O-])=NC(CSC=O)C(O)=NCC(=O)O)C(=O)O	-253.14	C01031
cpd00292_c0	HMG-CoA_c0	C27H39N7O20P3S	-5	CABVTRNMFUVUDM-VRHQGPGLSA-I	CC(O)(CC(=O)[O-])CC(=O)SCCN=C([O-])CCN=C([O-])C(O)C(C)(C)COP(=O)(O)OP(=O)(O)OCC1OC(n2cnc3c(N)ncnc32)C(O)C1OP(=O)([O-])[O-]	-900.07	C00356
cpd00055_c0	Formaldehyde_c0	CH2O	0	WSFSSNUMVMOOMR-UHFFFAOYSA-N	C=O	-31.2	C00067
2h3opp_c0	2h3opp_c0		0				
34hpp_c0	34hpp_c0		0				
cpd00227_c0	L-Homoserine_c0	C4H9NO3	0	UKAUYVFTDYCKQA-VKHMYHEASA-N	NC(CCO)C(=O)O	-122.53	C00263
cpd00809_c0	O-Phospho-L-homoserine_c0	C4H8NO6P	-2	FXDNYOANAXWZHG-VKHMYHEASA-L	NC(CCOP(=O)([O-])O)C(=O)[O-]	-335.03	C01102
cpd00822_c0	O-Succinyl-L-homoserine_c0	C8H12NO6	-1	GNISQJGXJIDKDJ-YFKPBYRVSA-M	NC(CCOC(=O)CCC(=O)[O-])C(=O)O	-236.19	C01118
imacp_c0	imacp_c0		0				
5678thh_c0	5678thh_c0		0				
78dhp_c0	78dhp_c0		0				
cpd01157_c0	Chitobiose_c0	C16H28N2O11	0	CDOJPCSDOXYJJF-CBTAGEKQSA-N	CC(O)=NC1C(O)OC(CO)C(OC2OC(CO)C(O)C(O)C2N=C(C)O)C1O	-365.46	C01674
hxan_c0	hxan_c0		0				
cpd00658_c0	Isochorismate_c0	C10H8O6	-2	NTGWPRCCOQCMGE-YUMQZZPRSA-L	C=C(OC1C=CC=C(C(=O)[O-])C1O)C(=O)[O-]	-169.49	C00885
prlp_c0	prlp_c0		0				
eig3p_c0	eig3p_c0		0				
2cpr5p_c0	2cpr5p_c0		0				
3ig3p_c0	3ig3p_c0		0				
cpd00322_c0	L-Isoleucine_c0	C6H13NO2	0	AGPKZVBTJJNPAG-WHFBIAKZSA-N	CCC(C)C(N)C(=O)O	-84.87	C00407
cpd11915_c0	tRNA(Ile)_c0	C10H12N5O3R	0				C01644
cpd12256_c0	L-Isoleucyl-tRNA(Ile)_c0	C16H24N6O4R	1				C03127
indole_c0	indole_c0		0				
3c2hmp_c0	3c2hmp_c0		0				
3c4mop_c0	3c4mop_c0		0				
cpd01710_c0	2-Isopropylmaleate_c0	C7H8O4	-2	NJMGRJLQRLFQQX-HYXAFXHYSA-L	CC(C)C(=CC(=O)[O-])C(=O)[O-]	-143.02	C02631
3c3hmp_c0	3c3hmp_c0		0				
cpd02311_c0	4-Imidazolone-5-propanoate_c0	C6H6N2O3	-2	MYNHYKDPSRPBNZ-UHFFFAOYSA-M	O=C([O-])CC[c-]1nc[nH]c1=O	-86.31	C03680
3htdacp_c0	3htdacp_c0		0				
cpd02730_c0	3-Deoxy-D-manno-octulosonate8-phosphate_c0	C8H12O11P	-3	RTNBXJBOAIDPME-SHUUEZRQSA-K	O=C([O-])C(=O)CC(O)C(O)C(O)C(O)COP(=O)([O-])[O-]	-505.48	C04478
cpd00205_c0	K+_c0	K	1	NPYPAHLBTDXSSS-UHFFFAOYSA-N	[K+]		C00238
cpd00159_c0	L-Lactate_c0	C3H5O3	-1	JVTAAEKCZFNVCJ-REOHCLBHSA-M	CC(O)C(=O)[O-]	-123.17	C00186
cpd00107_c0	L-Leucine_c0	C6H13NO2	0	ROHFNLRQFUQHCH-YFKPBYRVSA-N	CC(C)CC(N)C(=O)O	-84.87	C00123
cpd00200_c0	4MOP_c0	C6H9O3	-1	BKAJNAXTPSGJCU-UHFFFAOYSA-M	CC(C)CC(=O)C(=O)[O-]	-109.64	C00233
cpd11916_c0	tRNA(Leu)_c0	C10H12N5O3R	0				C01645
leutrna_c0	leutrna_c0		0				
mthgxl_c0	mthgxl_c0		0				
cpd02930_c0	Lipid X_c0	C34H64NO12P	-2	HEHQDWUWJVPREQ-XQJZMFRCSA-L	CCCCCCCCCCCC(O)CC(=O)OC1C(O)C(CO)OC(OP(=O)([O-])O)C1N=C([O-])CC(O)CCCCCCCCCCC	-499.78	C04824
cpd02835_c0	UDP-2,3-bis(3-hydroxytetradecanoyl)glucosamine_c0	C43H75N3O20P2	-2	KOJCFMYSTWNMQW-RUAJDYCTSA-L	CCCCCCCCCCCC(O)CC(=O)OC1C(O)C(CO)OC(OP(=O)(O)OP(=O)(O)OCC2OC(n3ccc([O-])nc3=O)C(O)C2O)C1N=C([O-])CC(O)CCCCCCCCCCC	-831.55	C04652
cpd03002_c0	Lipid A disaccharide_c0	C68H127N2O20P	-2	HLDJGHAAKRKPAV-QDORLFPLSA-L	CCCCCCCCCCCC(O)CC(=O)OC1C(O)C(CO)OC(OCC2OC(OP(=O)(O)O)C(N=C([O-])CC(O)CCCCCCCCCCC)C(OC(=O)CC(O)CCCCCCCCCCC)C2O)C1N=C([O-])CC(O)CCCCCCCCCCC	-727.26	C04932
cpd00014_c0	UDP_c0	C9H12N2O12P2	-2	XCCTYIAWTASOJW-XVFCMESISA-L	O=c1nc([O-])ccn1C1OC(COP(=O)(O)OP(=O)([O-])O)C(O)C1O	-605.77	C00015
cpd00175_c0	UDP-N-acetyl-D-galactosamine_c0	C17H25N3O17P2	-2	LFTYTUAZOPRMMI-LDDHHVEYSA-L	CC([O-])=NC1C(OP(=O)(O)OP(=O)(O)OCC2OC(n3ccc([O-])nc3=O)C(O)C2O)OC(CO)C(O)C1O	-756.9	C00203
cpd00043_c0	UDP-galactose_c0	C15H22N2O17P2	-2	HSCJRCZFDFQWRP-LNYDKVEPSA-L	O=c1nc([O-])ccn1C1OC(COP(=O)([O-])OP(=O)(O)OC2OC(CO)C(O)C(O)C2O)C(O)C1O	-762.55	C00052
lpsso_c0	lpsso_c0		0				
cpd00091_c0	UMP_c0	C9H11N2O9P	-2	DJJCXFVJDGTHFX-XVFCMESISA-L	O=c1nc([O-])ccn1C1OC(COP(=O)([O-])O)C(O)C1O	-397.77	C00105
cpd11917_c0	tRNA(Lys)_c0	C10H12N5O3R	0				C01646
cpd15249_c0	L-Lysine-tRNA (Lys)_c0	C16H26N7O4R	2				
cpd01441_c0	Acetyl-maltose_c0	C14H24O12	0	QBQSGZSHVKFNMZ-SASNSOKNSA-N	CC(=O)OC1OC(CO)C(OC2OC(CO)C(O)C(O)C2O)C(O)C1O	-414.21	C02130
cpd02662_c0	Malyl-CoA_c0	C25H35N7O20P3S	-5	HJQWLHMLMCDAEL-ZTGLTYRUSA-I	CC(C)(COP(=O)(O)OP(=O)(O)OCC1OC(n2cnc3c(N)ncnc32)C(O)C1OP(=O)([O-])[O-])C(O)C([O-])=NCCC([O-])=NCCSC(=O)CC(O)C(=O)[O-]	-900.08	C04348
cpd02068_c0	3-Methylglutaconyl-CoA_c0	C27H37N7O19P3S	-5	GXKSHRDAHFLWPN-RKYLSHMCSA-I	CC(=CC(=O)SCCN=C([O-])CCN=C([O-])C(O)C(C)(C)COP(=O)(O)OP(=O)(O)OCC1OC(n2cnc3c(N)ncnc32)C(O)C1OP(=O)([O-])[O-])CC(=O)[O-]	-840.36	C03231
2mcit_c0	2mcit_c0		0				
cpd02597_c0	cis-2-Methylaconitate_c0	C7H5O6	-3	NUZLRKBHOBPTQV-ARJAWSKDSA-K	CC(C(=O)[O-])=C(CC(=O)[O-])C(=O)[O-]	-223.03	C04225
cpd00081_c0	Sulfite_c0	HO3S	-1	LSNNMFCWUKXFEE-UHFFFAOYSA-M	O=S([O-])O	-126.15	C00094
tsul_c0	tsul_c0		0				
5mdru1p_c0	5mdru1p_c0		0				
cpd08301_c0	2-C-methyl-D-erythritol2-4-cyclodiphosphate_c0	C5H10O9P2	-2	SFRQRNJMIIUYDI-UHNVWZDZSA-L	CC1(CO)OP(=O)([O-])OP(=O)([O-])OCC1O	-486.44	C11453
cpd00345_c0	5-Methyltetrahydrofolate_c0	C20H23N7O6	-2	ZNOVTXRBGFNYRX-UHFFFAOYSA-L	CN1c2c([O-])nc(=N)[nH]c2NCC1CNc1ccc(C(=O)NC(CCC(=O)[O-])C(=O)O)cc1	-101.7	C00440
cpd11918_c0	tRNA(Met)_c0	C10H12N5O3R	0				C01647
cpd00254_c0	Mg_c0	Mg	2	JLVVSXFLKOJNIY-UHFFFAOYSA-N	[Mg+2]		C00305
mi1pd_c0	mi1pd_c0		0				
inost_c0	inost_c0		0				
cpd02799_c0	Methylisocitrate_c0	C7H7O7	-3	HHKPKXCSHMJWCF-WVBDSBKLSA-K	CC(O)(C(=O)[O-])C(CC(=O)[O-])C(=O)[O-]	-280.63	C04593
lipida_c0	lipida_c0		0				
cpd11574_c0	Molybdate_c0	H2MoO4	0	VLAPMBHFAWRUQP-UHFFFAOYSA-L	[Mo+2].[OH-].[OH-].[O].[O]		C06232
cpd00147_c0	5-Methylthioadenosine_c0	C11H15N5O3S	0	WUUGFSXJNOTRMR-IOSLPCCCSA-N	CSCC1OC(n2cnc3c(N)ncnc32)C(O)C1O	1.27	C00170
cpd01981_c0	5-Methylthio-D-ribose_c0	C6H12O4S	0	OLVVOVIFTBSBBH-JDJSBBGDSA-N	CSCC1OC(O)C(O)C1O	-135	C03089
cpd00347_c0	5-10-Methenyltetrahydrofolate_c0	C20H20N7O6	-1	MEANFMOQMXYMCT-OLZOCXBDSA-M	N=c1nc(O)c2c([nH]1)NCC1C[N+](c3ccc(C(O)=NC(CCC(=O)[O-])C(=O)[O-])cc3)=CN21	-97	C00445
cpd02738_c0	5-Methyltetrahydropteroyltri-L-glutamate_c0	C30H35N9O12	-4	HVRNKDVLFAVCJF-VJANTYMQSA-J	CN1c2c([O-])nc(=N)[nH]c2NCC1CNc1ccc(C(=O)NC(CCC([O-])=NC(CCC([O-])=NC(CCC(=O)[O-])C(=O)O)C(=O)O)C(=O)O)cc1	-315.66	C04489
cpd02555_c0	Tetrahydropteroyltri-L-glutamate_c0	C29H33N9O12	-4	RXWVHRYZTWZATH-UHFFFAOYSA-J	N=c1nc([O-])c2c([nH]1)NCC(CNc1ccc(C(=O)NC(CCC([O-])=NC(CCC([O-])=NC(CCC(=O)[O-])C(=O)O)C(=O)O)C(=O)O)cc1)N2	-313.63	C04144
5mdr1p_c0	5mdr1p_c0		0				
dnad_c0	dnad_c0		0				
nicrnt_c0	nicrnt_c0		0				
cpd08325_c0	NAC_c0	C17H18N2O2	0	WWMCCCSLQVOFKE-UHFFFAOYSA-N	CC(O)=Nc1ccc(C(=O)Nc2c(C)cccc2C)cc1	-7.64	C11486
cpd00978_c0	dUDP_c0	C9H12N2O11P2	-2	QHWZTVCCBMIIKE-SHYZEUOFSA-L	O=c1nc([O-])ccn1C1CC(O)C(COP(=O)(O)OP(=O)([O-])O)O1	-565.93	C01346
cpd00244_c0	Ni2+_c0	Ni	2	PXHVJJICTQNCMI-UHFFFAOYSA-N	[Ni]		C00291
nmn_c0	nmn_c0		0				
dmbzid_c0	dmbzid_c0		0				
5prdmbz_c0	5prdmbz_c0		0				
cpd00220_c0	Riboflavin_c0	C17H19N4O6	-1	AUNGANRZJHBGPY-SCRDCRAPSA-M	Cc1cc2nc3c([O-])nc(=O)nc-3n(CC(O)C(O)C(O)CO)c2cc1C	-110.72	C00255
cpd17036_c0	Unknown Product_c0	C8H10N2O6	0				
cpd02333_c0	Quinolinate_c0	C7H3NO4	-2	GJAWHXHKYYXBSV-UHFFFAOYSA-L	O=C([O-])c1cccnc1C(=O)[O-]	-119.77	C03722
sbzcoa_c0	sbzcoa_c0		0				
cpd01217_c0	Xanthosine_c0	C10H12N4O6	0	UBORTCNDUKBEOP-UUOKFMHZSA-N	OCC1OC(n2cnc3c(O)nc(O)nc32)C(O)C1O	-151.93	C01762
cpd00184_c0	Thymidine_c0	C10H14N2O5	0	IQFYYKKMVGJFEH-XLPZGREQSA-N	Cc1cn(C2CC(O)C(CO)O2)c(=O)nc1O	-145.84	C00214
cpd03606_c0	2-Oxo-3-hydroxy-4-phosphobutanoate_c0	C4H4O8P	-3	MZJFVXDTNBHTKZ-UHFFFAOYSA-K	O=C([O-])C(=O)C(O)COP(=O)([O-])[O-]	-397.84	C06054
phthr_c0	phthr_c0		0				
cpd03445_c0	2-Octaprenyl-6-hydroxyphenol_c0	C46H70O2	0	YNPGYMZVNLIZLD-BQFKTQOQSA-N	CC(C)=CCCC(C)=CCCC(C)=CCCC(C)=CCCC(C)=CCCC(C)=CCCC(C)=CCCC(C)=CCc1cccc(O)c1O	172.09	C05811
cpd03446_c0	2-Octaprenyl-6-methoxyphenol_c0	C47H72O2	0	MARGKPIMNMASKJ-CMAXTTDKSA-N	COc1cccc(CC=C(C)CCC=C(C)CCC=C(C)CCC=C(C)CCC=C(C)CCC=C(C)CCC=C(C)CCC=C(C)C)c1O	186.74	C05812
cpd15359_c0	2-Octaprenyl-6-methoxy-1,4-benzoquinol_c0	C47H72O3	0	CZFRMASEEPTBAQ-MYCGWMCTSA-N	COc1cc(O)cc(CC=C(C)CCC=C(C)CCC=C(C)CCC=C(C)CCC=C(C)CCC=C(C)CCC=C(C)CCC=C(C)C)c1O	147.26	
cpd15361_c0	2-Octaprenyl3-methyl-6-methoxy- 1,4-benzoquinol_c0	C48H74O3	0	HDSGDGSLNMIMKU-KFSSTAEESA-N	COc1cc(O)c(C)c(CC=C(C)CCC=C(C)CCC=C(C)CCC=C(C)CCC=C(C)CCC=C(C)CCC=C(C)CCC=C(C)C)c1O	145.63	
orot5p_c0	orot5p_c0		0				
cpd03444_c0	2-Octaprenylphenol_c0	C46H70O	0	VUNQJPPPTJIREN-CMAXTTDKSA-N	CC(C)=CCCC(C)=CCCC(C)=CCCC(C)=CCCC(C)=CCCC(C)=CCCC(C)=CCCC(C)=CCc1ccccc1O	211.57	C05810
thmpp_c0	thmpp_c0		0				
cpd03450_c0	Succinatesemialdehyde-thiamindiphosphateanion_c0	C16H22N4O10P2S	-2			-464.6	
cpd00129_c0	L-Proline_c0	C5H9NO2	0	ONIBWKKTOPOVIA-BYPYZUCNSA-N	O=C(O)C1CCCN1	-62.54	C00148
pntor_c0	pntor_c0		0				
cpd00286_c0	Undecaprenylphosphate_c0	C55H89O4P	-2	UFPHFKCTOZIAFY-RDQGWRCRSA-L	CC(C)=CCCC(C)=CCCC(C)=CCCC(C)=CCCC(C)=CCCC(C)=CCCC(C)=CCCC(C)=CCCC(C)=CCCC(C)=CCCC(C)=CCOP(=O)([O-])[O-]	49.72	C00348
ugmda_c0	ugmda_c0		0				
cpd03494_c0	Undecaprenyl-diphospho-N-acetylmuramoyl-L-alanyl-D-glutamyl-meso-2-6-diaminopimeloyl-D-alanyl-D-alanine_c0	C87H139N7O23P2	-4	PNWZQTONLRRPST-KLDRQJOASA-J	CC(C)=CCCC(C)=CCCC(C)=CCCC(C)=CCCC(C)=CCCC(C)=CCCC(C)=CCCC(C)=CCCC(C)=CCCC(C)=CCCC(C)=CCOP(=O)(O)OP(=O)(O)OC1OC(CO)C(O)C(OC(C)C(O)=NC(C)C([O-])=NC(CCC([O-])=NC(CCCC(N)C(=O)O)C(O)=NC(C)C([O-])=NC(C)C(=O)O)C(=O)O)C1N=C(C)[O-]	-678.6	C05897
cpd11421_c0	trdrd_c0	C6H9NO2R2S2	0				C00342
cpd11420_c0	trdox_c0	C6H7NO2R2S2	0				C00343
pdx5p_c0	pdx5p_c0		0				
cpd15654_e0	PeptidoglycansubunitofEscherichiacoli_e0	C40H62N8O21	-2			-682.67	
peptx_e0	peptx_e0		0				
3pg_c0	3pg_c0		0				
3php_c0	3php_c0		0				
cpd00284_c0	6-Phospho-D-gluconate_c0	C6H10O10P	-3	BIRSGZKFKXLSJQ-SQOUGZDYSA-K	O=C([O-])C(O)C(O)C(O)C(O)COP(=O)([O-])[O-]	-481.16	C00345
cpd00727_c0	2-Phosphoglycolate_c0	C2H2O6P	-3	ASCFNMCAHFUBCO-UHFFFAOYSA-K	O=C([O-])COP(=O)([O-])[O-]	-335.48	C00988
pglyp_c0	pglyp_c0		0				
cpd11652_c0	Phosphatidylglycerol_c0	C8H12O10PR2	-1				C00344
cpd00066_c0	L-Phenylalanine_c0	C9H11NO2	0	COLNVLDHVKWLRT-QMMMGPOBSA-N	NC(Cc1ccccc1)C(=O)O	-51.05	C00079
cpd00069_c0	L-Tyrosine_c0	C9H11NO3	0	OUYCCCASQSFEME-QMMMGPOBSA-N	NC(Cc1ccc(O)cc1)C(=O)O	-90.53	C00082
cinnm_c0	cinnm_c0		0				
cpd00143_c0	Phenylpyruvate_c0	C9H7O3	-1	BTNMPGBKDVTSJY-UHFFFAOYSA-M	O=C([O-])C(=O)Cc1ccccc1	-75.82	C00166
cpd11919_c0	tRNA(Phe)_c0	C10H12N5O3R	0				C01648
cpd12335_c0	L-Phenylalanyl-tRNA(Phe)_c0	C19H22N6O4R	1				C03511
pe_c0	pe_c0		0				
cpd15647_c0	acyl-glycerophosphoethanolamine_c0	C6H13NO7PR	0				
cpd15648_c0	acyl-glycerophosphoglycerol_c0	C7H13O9PR	-1				
cpd00485_c0	D-Mannose1-phosphate_c0	C6H11O9P	-2	HXXFSFRBOHSIMQ-RWOPYEJCSA-L	O=P([O-])([O-])OC1OC(CO)C(O)C(O)C1O	-430.78	C00636
cpd00235_c0	D-mannose-6-phosphate_c0	C6H11O9P	-2	NBSCHQHZLSJFNQ-PQMKYFCFSA-L	O=P([O-])([O-])OCC1OC(O)C(O)C(O)C1O	-430.78	C00275
cpd02882_c0	4--1-D-Ribitylamino-5-aminouracil_c0	C9H16N4O6	0	XKQZIXVJVUPORE-RPDRRWSUSA-N	Nc1c(O)nc(O)nc1NCC(O)C(O)C(O)CO	-189.57	C04732
2mahmp_c0	2mahmp_c0		0				
4ppan_c0	4ppan_c0		0				
4ppcys_c0	4ppcys_c0		0				
r1p_c0	r1p_c0		0				
r5p_c0	r5p_c0		0				
uaagmda_c0	uaagmda_c0		0				
udcpdp_c0	udcpdp_c0		0				
fpram_c0	fpram_c0		0				
prbamp_c0	prbamp_c0		0				
prfp_c0	prfp_c0		0				
cpd00871_c0	D-Ribulose 1,5-bisphosphate_c0	C5H8O11P2	-4	YAHZABJORDUQGO-NQXXGFSBSA-J	O=C(COP(=O)([O-])[O-])C(O)C(O)COP(=O)([O-])[O-]	-606	C01182
cpd11920_c0	tRNA(Pro)_c0	C10H12N5O3R	0				C01649
cpd12164_c0	L-Prolyl-tRNA(Pro)_c0	C15H19N6O4R	0				C02702
cpd12132_c0	L-Seryl-tRNA(Ser)_c0	C13H17N6O5R	0				C02553
cpd12229_c0	L-Threonyl-tRNA(Thr)_c0	C14H19N6O5R	0				C02992
cpd12336_c0	L-Tryptophanyl-tRNA(Trp)_c0	C21H23N7O4R	1				C03512
cpd12194_c0	L-Tyrosyl-tRNA(Tyr)_c0	C19H22N6O5R	1				C02839
cpd12133_c0	L-Valyl-tRNA(Val)_c0	C15H22N6O4R	1				C02554
proteinsonaerobic_c0	proteinsonaerobic_c0		0				
cpd11921_c0	tRNA(Ser)_c0	C10H12N5O3R	0				C01650
cpd11922_c0	tRNA(Thr)_c0	C10H12N5O3R	0				C01651
cpd11923_c0	tRNA(Trp)_c0	C10H12N5O3R	0				C01652
cpd11751_c0	tRNA(Tyr)_c0	C10H12N5O3R	0				C00787
cpd11924_c0	tRNA(Val)_c0	C10H12N5O3R	0				C01653
skm5p_c0	skm5p_c0		0				
ps_c0	ps_c0		0				
pserl_c0	pserl_c0		0				
cpd00859_c0	Pseudouridine 5'-phosphate_c0	C9H11N2O9P	-2	MOBMOJGXNHLLIR-GBNDHIKLSA-L	O=P(O)(O)OCC1OC(c2cnc([O-])nc2[O-])C(O)C1O	-410.45	C01168
cpd00309_c0	XAN_c0	C5H4N4O2	0	LRFVTYWOQMYALW-UHFFFAOYSA-N	Oc1nc(O)c2nc[nH]c2n1	-27.73	C00385
cpd02656_c0	6-7-Dimethyl-8--1-D-ribityllumazine_c0	C13H17N4O6	-1	SXDXRJZUAJBNFL-XKSSXDPKSA-M	Cc1nc2c([O-])nc(=O)nc-2n(CC(O)C(O)C(O)CO)c1C	-124.62	C04332
cpd00105_c0	D-Ribose_c0	C5H10O5	0	HMFHBZSHGGEWLO-AIHAYLRMSA-N	OCC1OC(O)C(O)C1O	-181.62	C00121
cpd08636_c0	4-5-dihydroxy-2-3-pentanedione_c0	C5H8O4	0	UYTRITJAZOPLCZ-BYPYZUCNSA-N	CC(=O)C(=O)C(O)CO	-134.29	
rnason_c0	rnason_c0		0				
cpd00198_c0	D-Xylulose5-phosphate_c0	C5H9O8P	-2	FNZLKVNUWIIPSJ-RFZPGFLSSA-L	O=C(CO)C(O)C(O)COP(=O)([O-])[O-]	-393.5	C00231
cpd00238_c0	Sedoheptulose7-phosphate_c0	C7H13O10P	-2	JDTUMPKOJBQPKX-GBNDHIKLSA-L	O=C(CO)C(O)C(O)C(O)C(O)COP(=O)([O-])[O-]	-466.34	C05382
cpd02160_c0	N2-Succinyl-L-ornithine_c0	C9H15N2O5	-1	VWXQFHJBQHTHMK-LURJTMIESA-M	NCCCC(N=C([O-])CCC(=O)O)C(=O)O	-191.47	C03415
cpd00048_c0	Sulfate_c0	O4S	-2	QAOWNCQODCNURD-UHFFFAOYSA-L	O=S(=O)([O-])[O-]	-177.97	C00059
sl26da_c0	sl26da_c0		0				
sl2a6o_c0	sl2a6o_c0		0				
cpd01078_c0	Selenide_c0	H2Se	0	SPVXKVOXSXTJOY-UHFFFAOYSA-N	[SeH2]		C01528
cpd03078_c0	Selenophosphate_c0	H2O3PSe	-1	JRPHGDYSKGJTKZ-UHFFFAOYSA-K	[O-]P([O-])([O-])=[Se]		C05172
sucglu_c0	sucglu_c0		0				
sucgsa_c0	sucgsa_c0		0				
2shchc_c0	2shchc_c0		0				
shcl_c0	shcl_c0		0				
cpd03426_c0	Sirohydrochlorin_c0	C42H38N4O16	-8	KWIZRXMMFRBUML-AHGFGAHVSA-F	CC1(CC(=O)[O-])c2cc3[nH]c(cc4nc(cc5[nH]c(cc(n2)C1CCC(=O)[O-])C(C)(CC(=O)[O-])C5CCC(=O)[O-])c(CC(=O)[O-])c4CCC(=O)[O-])c(CCC(=O)[O-])c3CC(=O)[O-]		C05778
cpd00557_c0	Siroheme_c0	C42H36FeN4O16	-8	DLKSSIHHLYNIKN-QIISWYHFSA-D	CC1(CC(=O)[O-])c2cc3nc(cc4[n-]c(cc5[n-]c(cc(n2)C1CCC(=O)[O-])c(CC(=O)[O-])c5CCC(=O)[O-])c(CCC(=O)[O-])c4CC(=O)[O-])C(C)(CC(=O)[O-])C3CCC(=O)[O-].[Fe+2]		C00748
cpd00383_c0	Shikimate_c0	C7H9O5	-1	JXOHGGNKMLTUBP-HSUXUTPPSA-M	O=C([O-])C1=CC(O)C(O)C(O)C1	-171.29	C00493
slcys_c0	slcys_c0		0				
cpd00264_c0	Spermidine_c0	C7H22N3	3	ATHGHQPFGPMSJY-UHFFFAOYSA-Q	[NH3+]CCCC[NH2+]CCC[NH3+]	4.79	C00315
cpd00558_c0	Spermine_c0	C10H30N4	4	PFNFFQXMRSDOHW-UHFFFAOYSA-R	[NH3+]CCC[NH2+]CCCC[NH2+]CCC[NH3+]	15.6	C00750
sucbz_c0	sucbz_c0		0				
dtdpddg_c0	dtdpddg_c0		0				
dtdpddm_c0	dtdpddm_c0		0				
dtdp6dm_c0	dtdp6dm_c0		0				
cpd00305_c0	Thiamin_c0	C12H17N4OS	1	JZRWCGZRTZMZEH-UHFFFAOYSA-N	Cc1ncc(C[n+]2csc(CCO)c2C)c(=N)[nH]1	52.18	C00378
cpd00161_c0	L-Threonine_c0	C4H9NO3	0	AYFVYJQAPQTCCC-GBXIJSLDSA-N	CC(O)C(N)C(=O)O	-124.34	C00188
cpd03282_c0	L-Allothreonine_c0	C4H9NO3	0	AYFVYJQAPQTCCC-HRFVKAFMSA-N	CC(O)C(N)C(=O)O	-124.34	C05519
cpd00151_c0	Thymine_c0	C5H6N2O2	0	RWQNBRDOKXIBIV-UHFFFAOYSA-N	Cc1cnc(O)nc1O	-61.48	C00178
cpd15378_c0	4-Hydroxy-benzylalcohol_c0	C7H8O2	0	BVJSUAQZOZWCKN-UHFFFAOYSA-N	OCc1ccc(O)cc1	-47.76	
cpd02654_c0	4-Methyl-5--2-phosphoethyl-thiazole_c0	C6H8NO4PS	-2	OCYMERZCMYJQQO-UHFFFAOYSA-L	Cc1ncsc1CCOP(=O)([O-])[O-]	-219.61	C04327
thmmp_c0	thmmp_c0		0				
cpd00065_c0	L-Tryptophan_c0	C11H12N2O2	0	QIVBCDIJIAJPQS-VIFPVBQESA-N	NC(Cc1c[nH]c2ccccc12)C(=O)O	-25	C00078
cyan_c0	cyan_c0		0				
cpd01211_c0	Thiocyanate_c0	CNS	-1	ZMZDMBWJUHKJPS-UHFFFAOYSA-M	N#C[S-]	22.2	C01755
u3hga_c0	u3hga_c0		0				
cpd00525_c0	UDP-N-acetylmuramoyl-L-alanyl-D-glutamate_c0	C28H39N5O23P2	-4	OJZCATPXPWFLHF-HPUCEMLMSA-J	CC([O-])=NC1C(OP(=O)(O)OP(=O)(O)OCC2OC(n3ccc([O-])nc3=O)C(O)C2O)OC(CO)C(O)C1OC(C)C(O)=NC(C)C([O-])=NC(CCC(=O)[O-])C(=O)O	-958.02	C00692
cpd02964_c0	UDP-N-acetylmuramoyl-L-alanyl-D-gamma-glutamyl-meso-2-6-diaminopimelate_c0	C35H51N7O26P2	-4	QUHLBZKCGUXHGP-BHBBPGSKSA-J	CC([O-])=NC1C(OP(=O)(O)OP(=O)(O)OCC2OC(n3ccc([O-])nc3=O)C(O)C2O)OC(CO)C(O)C1OC(C)C(O)=NC(C)C([O-])=NC(CCC([O-])=NC(CCCC(N)C(=O)O)C(=O)O)C(=O)O	-1064.55	C04877
uacgam_c0	uacgam_c0		0				
u3aga_c0	u3aga_c0		0				
uaccg_c0	uaccg_c0		0				
cpd09739_c0	UDP-N-acetyl-D-galactosaminuronic acid_c0	C17H22N3O18P2	-3	DZOGQXKQLXAPND-ALERELDYSA-K	CC([O-])=NC1C(OP(=O)(O)OP(=O)(O)OCC2OC(n3ccc([O-])nc3=O)C(O)C2O)OC(C(=O)[O-])C(O)C1O	-800.12	C13952
cpd00890_c0	UDP-N-acetylmuramoyl-L-alanine_c0	C23H33N4O20P2	-3	NTMMCWJNQNKACG-KBKUWGQMSA-K	CC([O-])=NC1C(OP(=O)(O)OP(=O)(O)OCC2OC(n3ccc([O-])nc3=O)C(O)C2O)OC(CO)C(O)C1OC(C)C([O-])=NC(C)C(=O)O	-851.04	C01212
uamr_c0	uamr_c0		0				
cpd00774_c0	UroporphyrinogenIII_c0	C40H36N4O16	-8	HUHWZXWWOFSFKF-UHFFFAOYSA-F	O=C([O-])CCc1c2[nH]c(c1CC(=O)[O-])Cc1[nH]c(c(CC(=O)[O-])c1CCC(=O)[O-])Cc1[nH]c(c(CC(=O)[O-])c1CCC(=O)[O-])Cc1[nH]c(c(CCC(=O)[O-])c1CC(=O)[O-])C2		C01051
cpd00156_c0	L-Valine_c0	C5H11NO2	0	KZSNJWFQEVHDMF-BYPYZUCNSA-N	CC(C)C(N)C(=O)O	-86.49	C00183
wo4_c0	wo4_c0		0				
